[2026-09-04 20:44:09] production.ERROR: Maximum execution time of 60 seconds exceeded {"userId":1,"exception":"[object] (Symfony\\Component\\ErrorHandler\\Error\\FatalError(code: 0): Maximum execution time of 60 seconds exceeded at C:/Users/DELL/Desktop/laravel-backup-20260801/laravel/storage/framework/views/5f8fd6b4143c7acc4dd2037ef31d3bf7.php:1)
[stacktrace]
#0 {main}
"} 
[2026-09-15 16:19:14] local.ERROR: View [common.livewire-tables.mobile-toggle] not found. {"view":{"view":"C:\\Users\\PSHCPU008\\Desktop\\temple-backend\\vendor\\rappasoft\\laravel-livewire-tables\\resources\\views\\datatable.blade.php","data":{"errors":"<pre class=sf-dump id=sf-dump-1846621052 data-indent-pad=\"  \"><span class=sf-dump-note>Illuminate\\Support\\ViewErrorBag</span> {<a class=sf-dump-ref>#2080</a><samp data-depth=1 class=sf-dump-expanded>
  #<span class=sf-dump-protected title=\"Protected property\">bags</span>: []
</samp>}
</pre><script>Sfdump(\"sf-dump-1846621052\", {\"maxDepth\":3,\"maxStringLength\":160})</script>
","config":"<pre class=sf-dump id=sf-dump-120679891 data-indent-pad=\"  \"><span class=sf-dump-note>InfyOm\\Generator\\Common\\GeneratorConfig</span> {<a class=sf-dump-ref>#2120</a><samp data-depth=1 class=sf-dump-expanded>
  +<span class=sf-dump-public title=\"Public property\">namespaces</span>: <span class=sf-dump-const title=\"Uninitialized property\">? InfyOm\\Generator\\DTOs\\GeneratorNamespaces</span>
  +<span class=sf-dump-public title=\"Public property\">paths</span>: <span class=sf-dump-const title=\"Uninitialized property\">? InfyOm\\Generator\\DTOs\\GeneratorPaths</span>
  +<span class=sf-dump-public title=\"Public property\">modelNames</span>: <span class=sf-dump-const title=\"Uninitialized property\">? InfyOm\\Generator\\DTOs\\ModelNames</span>
  +<span class=sf-dump-public title=\"Public property\">prefixes</span>: <span class=sf-dump-const title=\"Uninitialized property\">? InfyOm\\Generator\\DTOs\\GeneratorPrefixes</span>
  +<span class=sf-dump-public title=\"Public property\">options</span>: <span class=sf-dump-const title=\"Uninitialized property\">? InfyOm\\Generator\\DTOs\\GeneratorOptions</span>
  +<span class=sf-dump-public title=\"Public property\">command</span>: <span class=sf-dump-const title=\"Uninitialized property\">? Illuminate\\Console\\Command</span>
  +<span class=sf-dump-public title=\"Public property\">fields</span>: []
  +<span class=sf-dump-public title=\"Public property\">relations</span>: []
  +<span class=sf-dump-public title=\"Public property\">tableName</span>: <span class=sf-dump-const>null</span>
  +<span class=sf-dump-public title=\"Public property\">tableType</span>: <span class=sf-dump-const title=\"Uninitialized property\">? string</span>
  +<span class=sf-dump-public title=\"Public property\">apiPrefix</span>: <span class=sf-dump-const title=\"Uninitialized property\">? string</span>
  +<span class=sf-dump-public title=\"Public property\">primaryName</span>: <span class=sf-dump-const>null</span>
  +<span class=sf-dump-public title=\"Public property\">connection</span>: <span class=sf-dump-const>null</span>
</samp>}
</pre><script>Sfdump(\"sf-dump-120679891\", {\"maxDepth\":3,\"maxStringLength\":160})</script>
"}},"userId":1,"exception":"[object] (Spatie\\LaravelIgnition\\Exceptions\\ViewException(code: 0): View [common.livewire-tables.mobile-toggle] not found. at C:/Users/PSHCPU008/Desktop/temple-backend/vendor/laravel/framework/src/Illuminate/View/FileViewFinder.php:137)
[stacktrace]
#0 C:/Users/PSHCPU008/Desktop/temple-backend/vendor/laravel/framework/src/Illuminate/View/FileViewFinder.php(79): Illuminate/View/FileViewFinder->findInPaths('common.livewire...', Array)
#1 C:/Users/PSHCPU008/Desktop/temple-backend/vendor/laravel/framework/src/Illuminate/View/Factory.php(137): Illuminate/View/FileViewFinder->find('common.livewire...')
#2 C:/Users/PSHCPU008/Desktop/temple-backend/vendor/laravel/framework/src/Illuminate/Foundation/helpers.php(1020): Illuminate/View/Factory->make('common.livewire...', Array, Array)
#3 C:/Users/PSHCPU008/Desktop/temple-backend/app/Http/Livewire/PujasTable.php(66): view('common.livewire...', Array)
#4 [internal function]: App/Http/Livewire/PujasTable->App/Http/Livewire/{closure}(0, Object(App/Models/Puja), Object(Rappasoft/LaravelLivewireTables/Views/Column))
#5 C:/Users/PSHCPU008/Desktop/temple-backend/vendor/rappasoft/laravel-livewire-tables/src/Views/Traits/Helpers/ColumnHelpers.php(125): call_user_func(Object(Closure), 0, Object(App/Models/Puja), Object(Rappasoft/LaravelLivewireTables/Views/Column))
#6 C:/Users/PSHCPU008/Desktop/temple-backend/vendor/rappasoft/laravel-livewire-tables/src/Views/Traits/Helpers/ColumnHelpers.php(106): Rappasoft/LaravelLivewireTables/Views/Column->getContents(Object(App/Models/Puja))
#7 C:/Users/PSHCPU008/Desktop/temple-backend/vendor/rappasoft/laravel-livewire-tables/resources/views/datatable.blade.php(45): Rappasoft/LaravelLivewireTables/Views/Column->renderContents(Object(App/Models/Puja))
#8 C:/Users/PSHCPU008/Desktop/temple-backend/vendor/livewire/livewire/src/ComponentConcerns/RendersLivewireComponents.php(83): include('C://Users//PSHCPU...')
#9 C:/Users/PSHCPU008/Desktop/temple-backend/vendor/livewire/livewire/src/ComponentConcerns/RendersLivewireComponents.php(84): App/Http/Livewire/PujasTable->Livewire/ComponentConcerns/{closure}()
#10 C:/Users/PSHCPU008/Desktop/temple-backend/vendor/livewire/livewire/src/ComponentConcerns/RendersLivewireComponents.php(59): Livewire/LivewireViewCompilerEngine->evaluatePath('C://Users//PSHCPU...', Array)
#11 C:/Users/PSHCPU008/Desktop/temple-backend/vendor/laravel/framework/src/Illuminate/View/View.php(207): Livewire/LivewireViewCompilerEngine->get('C://Users//PSHCPU...', Array)
#12 C:/Users/PSHCPU008/Desktop/temple-backend/vendor/laravel/framework/src/Illuminate/View/View.php(190): Illuminate/View/View->getContents()
#13 C:/Users/PSHCPU008/Desktop/temple-backend/vendor/laravel/framework/src/Illuminate/View/View.php(159): Illuminate/View/View->renderContents()
#14 C:/Users/PSHCPU008/Desktop/temple-backend/vendor/livewire/livewire/src/Component.php(235): Illuminate/View/View->render()
#15 C:/Users/PSHCPU008/Desktop/temple-backend/vendor/livewire/livewire/src/HydrationMiddleware/RenderView.php(14): Livewire/Component->output()
#16 C:/Users/PSHCPU008/Desktop/temple-backend/vendor/livewire/livewire/src/LifecycleManager.php(141): Livewire/HydrationMiddleware/RenderView::dehydrate(Object(App/Http/Livewire/PujasTable), Object(Livewire/Response))
#17 C:/Users/PSHCPU008/Desktop/temple-backend/vendor/livewire/livewire/src/LivewireManager.php(132): Livewire/LifecycleManager->initialDehydrate()
#18 C:/Users/PSHCPU008/Desktop/temple-backend/vendor/laravel/framework/src/Illuminate/Support/Facades/Facade.php(355): Livewire/LivewireManager->mount('pujas-table', Array)
#19 C:/Users/PSHCPU008/Desktop/temple-backend/resources/views/pujas/index.blade.php(26): Illuminate/Support/Facades/Facade::__callStatic('mount', Array)
#20 C:/Users/PSHCPU008/Desktop/temple-backend/vendor/laravel/framework/src/Illuminate/Filesystem/Filesystem.php(123): require('C://Users//PSHCPU...')
#21 C:/Users/PSHCPU008/Desktop/temple-backend/vendor/laravel/framework/src/Illuminate/Filesystem/Filesystem.php(124): Illuminate/Filesystem/Filesystem::Illuminate/Filesystem/{closure}()
#22 C:/Users/PSHCPU008/Desktop/temple-backend/vendor/laravel/framework/src/Illuminate/View/Engines/PhpEngine.php(58): Illuminate/Filesystem/Filesystem->getRequire('C://Users//PSHCPU...', Array)
#23 C:/Users/PSHCPU008/Desktop/temple-backend/vendor/livewire/livewire/src/ComponentConcerns/RendersLivewireComponents.php(69): Illuminate/View/Engines/PhpEngine->evaluatePath('C://Users//PSHCPU...', Array)
#24 C:/Users/PSHCPU008/Desktop/temple-backend/vendor/laravel/framework/src/Illuminate/View/Engines/CompilerEngine.php(72): Livewire/LivewireViewCompilerEngine->evaluatePath('C://Users//PSHCPU...', Array)
#25 C:/Users/PSHCPU008/Desktop/temple-backend/vendor/livewire/livewire/src/ComponentConcerns/RendersLivewireComponents.php(35): Illuminate/View/Engines/CompilerEngine->get('C://Users//PSHCPU...', Array)
#26 C:/Users/PSHCPU008/Desktop/temple-backend/vendor/laravel/framework/src/Illuminate/View/View.php(207): Livewire/LivewireViewCompilerEngine->get('C://Users//PSHCPU...', Array)
#27 C:/Users/PSHCPU008/Desktop/temple-backend/vendor/laravel/framework/src/Illuminate/View/View.php(190): Illuminate/View/View->getContents()
#28 C:/Users/PSHCPU008/Desktop/temple-backend/vendor/laravel/framework/src/Illuminate/View/View.php(159): Illuminate/View/View->renderContents()
#29 C:/Users/PSHCPU008/Desktop/temple-backend/vendor/laravel/framework/src/Illuminate/Http/Response.php(69): Illuminate/View/View->render()
#30 C:/Users/PSHCPU008/Desktop/temple-backend/vendor/laravel/framework/src/Illuminate/Http/Response.php(35): Illuminate/Http/Response->setContent(Object(Illuminate/View/View))
#31 C:/Users/PSHCPU008/Desktop/temple-backend/vendor/laravel/framework/src/Illuminate/Routing/Router.php(918): Illuminate/Http/Response->__construct(Object(Illuminate/View/View), 200, Array)
#32 C:/Users/PSHCPU008/Desktop/temple-backend/vendor/laravel/framework/src/Illuminate/Routing/Router.php(885): Illuminate/Routing/Router::toResponse(Object(Illuminate/Http/Request), Object(Illuminate/View/View))
#33 C:/Users/PSHCPU008/Desktop/temple-backend/vendor/laravel/framework/src/Illuminate/Routing/Router.php(805): Illuminate/Routing/Router->prepareResponse(Object(Illuminate/Http/Request), Object(Illuminate/View/View))
#34 C:/Users/PSHCPU008/Desktop/temple-backend/vendor/laravel/framework/src/Illuminate/Pipeline/Pipeline.php(144): Illuminate/Routing/Router->Illuminate/Routing/{closure}(Object(Illuminate/Http/Request))
#35 C:/Users/PSHCPU008/Desktop/temple-backend/vendor/spatie/laravel-permission/src/Middlewares/RoleOrPermissionMiddleware.php(26): Illuminate/Pipeline/Pipeline->Illuminate/Pipeline/{closure}(Object(Illuminate/Http/Request))
#36 C:/Users/PSHCPU008/Desktop/temple-backend/vendor/laravel/framework/src/Illuminate/Pipeline/Pipeline.php(183): Spatie/Permission/Middlewares/RoleOrPermissionMiddleware->handle(Object(Illuminate/Http/Request), Object(Closure), 'view-pujas')
#37 C:/Users/PSHCPU008/Desktop/temple-backend/vendor/laravel/framework/src/Illuminate/Routing/Middleware/SubstituteBindings.php(50): Illuminate/Pipeline/Pipeline->Illuminate/Pipeline/{closure}(Object(Illuminate/Http/Request))
#38 C:/Users/PSHCPU008/Desktop/temple-backend/vendor/laravel/framework/src/Illuminate/Pipeline/Pipeline.php(183): Illuminate/Routing/Middleware/SubstituteBindings->handle(Object(Illuminate/Http/Request), Object(Closure))
#39 C:/Users/PSHCPU008/Desktop/temple-backend/vendor/laravel/framework/src/Illuminate/Auth/Middleware/Authenticate.php(57): Illuminate/Pipeline/Pipeline->Illuminate/Pipeline/{closure}(Object(Illuminate/Http/Request))
#40 C:/Users/PSHCPU008/Desktop/temple-backend/vendor/laravel/framework/src/Illuminate/Pipeline/Pipeline.php(183): Illuminate/Auth/Middleware/Authenticate->handle(Object(Illuminate/Http/Request), Object(Closure))
#41 C:/Users/PSHCPU008/Desktop/temple-backend/vendor/laravel/framework/src/Illuminate/Foundation/Http/Middleware/VerifyCsrfToken.php(78): Illuminate/Pipeline/Pipeline->Illuminate/Pipeline/{closure}(Object(Illuminate/Http/Request))
#42 C:/Users/PSHCPU008/Desktop/temple-backend/vendor/laravel/framework/src/Illuminate/Pipeline/Pipeline.php(183): Illuminate/Foundation/Http/Middleware/VerifyCsrfToken->handle(Object(Illuminate/Http/Request), Object(Closure))
#43 C:/Users/PSHCPU008/Desktop/temple-backend/vendor/laravel/framework/src/Illuminate/View/Middleware/ShareErrorsFromSession.php(49): Illuminate/Pipeline/Pipeline->Illuminate/Pipeline/{closure}(Object(Illuminate/Http/Request))
#44 C:/Users/PSHCPU008/Desktop/temple-backend/vendor/laravel/framework/src/Illuminate/Pipeline/Pipeline.php(183): Illuminate/View/Middleware/ShareErrorsFromSession->handle(Object(Illuminate/Http/Request), Object(Closure))
#45 C:/Users/PSHCPU008/Desktop/temple-backend/vendor/laravel/framework/src/Illuminate/Session/Middleware/StartSession.php(121): Illuminate/Pipeline/Pipeline->Illuminate/Pipeline/{closure}(Object(Illuminate/Http/Request))
#46 C:/Users/PSHCPU008/Desktop/temple-backend/vendor/laravel/framework/src/Illuminate/Session/Middleware/StartSession.php(64): Illuminate/Session/Middleware/StartSession->handleStatefulRequest(Object(Illuminate/Http/Request), Object(Illuminate/Session/Store), Object(Closure))
#47 C:/Users/PSHCPU008/Desktop/temple-backend/vendor/laravel/framework/src/Illuminate/Pipeline/Pipeline.php(183): Illuminate/Session/Middleware/StartSession->handle(Object(Illuminate/Http/Request), Object(Closure))
#48 C:/Users/PSHCPU008/Desktop/temple-backend/vendor/laravel/framework/src/Illuminate/Cookie/Middleware/AddQueuedCookiesToResponse.php(37): Illuminate/Pipeline/Pipeline->Illuminate/Pipeline/{closure}(Object(Illuminate/Http/Request))
#49 C:/Users/PSHCPU008/Desktop/temple-backend/vendor/laravel/framework/src/Illuminate/Pipeline/Pipeline.php(183): Illuminate/Cookie/Middleware/AddQueuedCookiesToResponse->handle(Object(Illuminate/Http/Request), Object(Closure))
#50 C:/Users/PSHCPU008/Desktop/temple-backend/vendor/laravel/framework/src/Illuminate/Cookie/Middleware/EncryptCookies.php(67): Illuminate/Pipeline/Pipeline->Illuminate/Pipeline/{closure}(Object(Illuminate/Http/Request))
#51 C:/Users/PSHCPU008/Desktop/temple-backend/vendor/laravel/framework/src/Illuminate/Pipeline/Pipeline.php(183): Illuminate/Cookie/Middleware/EncryptCookies->handle(Object(Illuminate/Http/Request), Object(Closure))
#52 C:/Users/PSHCPU008/Desktop/temple-backend/vendor/laravel/framework/src/Illuminate/Pipeline/Pipeline.php(119): Illuminate/Pipeline/Pipeline->Illuminate/Pipeline/{closure}(Object(Illuminate/Http/Request))
#53 C:/Users/PSHCPU008/Desktop/temple-backend/vendor/laravel/framework/src/Illuminate/Routing/Router.php(805): Illuminate/Pipeline/Pipeline->then(Object(Closure))
#54 C:/Users/PSHCPU008/Desktop/temple-backend/vendor/laravel/framework/src/Illuminate/Routing/Router.php(784): Illuminate/Routing/Router->runRouteWithinStack(Object(Illuminate/Routing/Route), Object(Illuminate/Http/Request))
#55 C:/Users/PSHCPU008/Desktop/temple-backend/vendor/laravel/framework/src/Illuminate/Routing/Router.php(748): Illuminate/Routing/Router->runRoute(Object(Illuminate/Http/Request), Object(Illuminate/Routing/Route))
#56 C:/Users/PSHCPU008/Desktop/temple-backend/vendor/laravel/framework/src/Illuminate/Routing/Router.php(737): Illuminate/Routing/Router->dispatchToRoute(Object(Illuminate/Http/Request))
#57 C:/Users/PSHCPU008/Desktop/temple-backend/vendor/laravel/framework/src/Illuminate/Foundation/Http/Kernel.php(200): Illuminate/Routing/Router->dispatch(Object(Illuminate/Http/Request))
#58 C:/Users/PSHCPU008/Desktop/temple-backend/vendor/laravel/framework/src/Illuminate/Pipeline/Pipeline.php(144): Illuminate/Foundation/Http/Kernel->Illuminate/Foundation/Http/{closure}(Object(Illuminate/Http/Request))
#59 C:/Users/PSHCPU008/Desktop/temple-backend/vendor/livewire/livewire/src/DisableBrowserCache.php(19): Illuminate/Pipeline/Pipeline->Illuminate/Pipeline/{closure}(Object(Illuminate/Http/Request))
#60 C:/Users/PSHCPU008/Desktop/temple-backend/vendor/laravel/framework/src/Illuminate/Pipeline/Pipeline.php(183): Livewire/DisableBrowserCache->handle(Object(Illuminate/Http/Request), Object(Closure))
#61 C:/Users/PSHCPU008/Desktop/temple-backend/vendor/laravel/framework/src/Illuminate/Foundation/Http/Middleware/TransformsRequest.php(21): Illuminate/Pipeline/Pipeline->Illuminate/Pipeline/{closure}(Object(Illuminate/Http/Request))
#62 C:/Users/PSHCPU008/Desktop/temple-backend/vendor/laravel/framework/src/Illuminate/Foundation/Http/Middleware/ConvertEmptyStringsToNull.php(31): Illuminate/Foundation/Http/Middleware/TransformsRequest->handle(Object(Illuminate/Http/Request), Object(Closure))
#63 C:/Users/PSHCPU008/Desktop/temple-backend/vendor/laravel/framework/src/Illuminate/Pipeline/Pipeline.php(183): Illuminate/Foundation/Http/Middleware/ConvertEmptyStringsToNull->handle(Object(Illuminate/Http/Request), Object(Closure))
#64 C:/Users/PSHCPU008/Desktop/temple-backend/vendor/laravel/framework/src/Illuminate/Foundation/Http/Middleware/TransformsRequest.php(21): Illuminate/Pipeline/Pipeline->Illuminate/Pipeline/{closure}(Object(Illuminate/Http/Request))
#65 C:/Users/PSHCPU008/Desktop/temple-backend/vendor/laravel/framework/src/Illuminate/Foundation/Http/Middleware/TrimStrings.php(40): Illuminate/Foundation/Http/Middleware/TransformsRequest->handle(Object(Illuminate/Http/Request), Object(Closure))
#66 C:/Users/PSHCPU008/Desktop/temple-backend/vendor/laravel/framework/src/Illuminate/Pipeline/Pipeline.php(183): Illuminate/Foundation/Http/Middleware/TrimStrings->handle(Object(Illuminate/Http/Request), Object(Closure))
#67 C:/Users/PSHCPU008/Desktop/temple-backend/vendor/laravel/framework/src/Illuminate/Foundation/Http/Middleware/ValidatePostSize.php(27): Illuminate/Pipeline/Pipeline->Illuminate/Pipeline/{closure}(Object(Illuminate/Http/Request))
#68 C:/Users/PSHCPU008/Desktop/temple-backend/vendor/laravel/framework/src/Illuminate/Pipeline/Pipeline.php(183): Illuminate/Foundation/Http/Middleware/ValidatePostSize->handle(Object(Illuminate/Http/Request), Object(Closure))
#69 C:/Users/PSHCPU008/Desktop/temple-backend/vendor/laravel/framework/src/Illuminate/Foundation/Http/Middleware/PreventRequestsDuringMaintenance.php(99): Illuminate/Pipeline/Pipeline->Illuminate/Pipeline/{closure}(Object(Illuminate/Http/Request))
#70 C:/Users/PSHCPU008/Desktop/temple-backend/vendor/laravel/framework/src/Illuminate/Pipeline/Pipeline.php(183): Illuminate/Foundation/Http/Middleware/PreventRequestsDuringMaintenance->handle(Object(Illuminate/Http/Request), Object(Closure))
#71 C:/Users/PSHCPU008/Desktop/temple-backend/vendor/laravel/framework/src/Illuminate/Http/Middleware/HandleCors.php(49): Illuminate/Pipeline/Pipeline->Illuminate/Pipeline/{closure}(Object(Illuminate/Http/Request))
#72 C:/Users/PSHCPU008/Desktop/temple-backend/vendor/laravel/framework/src/Illuminate/Pipeline/Pipeline.php(183): Illuminate/Http/Middleware/HandleCors->handle(Object(Illuminate/Http/Request), Object(Closure))
#73 C:/Users/PSHCPU008/Desktop/temple-backend/vendor/laravel/framework/src/Illuminate/Http/Middleware/TrustProxies.php(39): Illuminate/Pipeline/Pipeline->Illuminate/Pipeline/{closure}(Object(Illuminate/Http/Request))
#74 C:/Users/PSHCPU008/Desktop/temple-backend/vendor/laravel/framework/src/Illuminate/Pipeline/Pipeline.php(183): Illuminate/Http/Middleware/TrustProxies->handle(Object(Illuminate/Http/Request), Object(Closure))
#75 C:/Users/PSHCPU008/Desktop/temple-backend/vendor/laravel/framework/src/Illuminate/Pipeline/Pipeline.php(119): Illuminate/Pipeline/Pipeline->Illuminate/Pipeline/{closure}(Object(Illuminate/Http/Request))
#76 C:/Users/PSHCPU008/Desktop/temple-backend/vendor/laravel/framework/src/Illuminate/Foundation/Http/Kernel.php(175): Illuminate/Pipeline/Pipeline->then(Object(Closure))
#77 C:/Users/PSHCPU008/Desktop/temple-backend/vendor/laravel/framework/src/Illuminate/Foundation/Http/Kernel.php(144): Illuminate/Foundation/Http/Kernel->sendRequestThroughRouter(Object(Illuminate/Http/Request))
#78 C:/Users/PSHCPU008/Desktop/temple-backend/public/index.php(51): Illuminate/Foundation/Http/Kernel->handle(Object(Illuminate/Http/Request))
#79 C:/Users/PSHCPU008/Desktop/temple-backend/vendor/laravel/framework/src/Illuminate/Foundation/resources/server.php(16): require_once('C://Users//PSHCPU...')
#80 {main}

[previous exception] [object] (InvalidArgumentException(code: 0): View [common.livewire-tables.mobile-toggle] not found. at C:/Users/PSHCPU008/Desktop/temple-backend/vendor/laravel/framework/src/Illuminate/View/FileViewFinder.php:137)
[stacktrace]
#0 C:/Users/PSHCPU008/Desktop/temple-backend/vendor/laravel/framework/src/Illuminate/View/FileViewFinder.php(79): Illuminate/View/FileViewFinder->findInPaths('common.livewire...', Array)
#1 C:/Users/PSHCPU008/Desktop/temple-backend/vendor/laravel/framework/src/Illuminate/View/Factory.php(137): Illuminate/View/FileViewFinder->find('common.livewire...')
#2 C:/Users/PSHCPU008/Desktop/temple-backend/vendor/laravel/framework/src/Illuminate/Foundation/helpers.php(1020): Illuminate/View/Factory->make('common.livewire...', Array, Array)
#3 C:/Users/PSHCPU008/Desktop/temple-backend/app/Http/Livewire/PujasTable.php(66): view('common.livewire...', Array)
#4 [internal function]: App/Http/Livewire/PujasTable->App/Http/Livewire/{closure}(0, Object(App/Models/Puja), Object(Rappasoft/LaravelLivewireTables/Views/Column))
#5 C:/Users/PSHCPU008/Desktop/temple-backend/vendor/rappasoft/laravel-livewire-tables/src/Views/Traits/Helpers/ColumnHelpers.php(125): call_user_func(Object(Closure), 0, Object(App/Models/Puja), Object(Rappasoft/LaravelLivewireTables/Views/Column))
#6 C:/Users/PSHCPU008/Desktop/temple-backend/vendor/rappasoft/laravel-livewire-tables/src/Views/Traits/Helpers/ColumnHelpers.php(106): Rappasoft/LaravelLivewireTables/Views/Column->getContents(Object(App/Models/Puja))
#7 C:/Users/PSHCPU008/Desktop/temple-backend/storage/framework/views/e975280bd8ff53ebb2c9d3487918f41a.php(327): Rappasoft/LaravelLivewireTables/Views/Column->renderContents(Object(App/Models/Puja))
#8 C:/Users/PSHCPU008/Desktop/temple-backend/vendor/livewire/livewire/src/ComponentConcerns/RendersLivewireComponents.php(83): include('C://Users//PSHCPU...')
#9 C:/Users/PSHCPU008/Desktop/temple-backend/vendor/livewire/livewire/src/ComponentConcerns/RendersLivewireComponents.php(84): App/Http/Livewire/PujasTable->Livewire/ComponentConcerns/{closure}()
#10 C:/Users/PSHCPU008/Desktop/temple-backend/vendor/livewire/livewire/src/ComponentConcerns/RendersLivewireComponents.php(59): Livewire/LivewireViewCompilerEngine->evaluatePath('C://Users//PSHCPU...', Array)
#11 C:/Users/PSHCPU008/Desktop/temple-backend/vendor/laravel/framework/src/Illuminate/View/View.php(207): Livewire/LivewireViewCompilerEngine->get('C://Users//PSHCPU...', Array)
#12 C:/Users/PSHCPU008/Desktop/temple-backend/vendor/laravel/framework/src/Illuminate/View/View.php(190): Illuminate/View/View->getContents()
#13 C:/Users/PSHCPU008/Desktop/temple-backend/vendor/laravel/framework/src/Illuminate/View/View.php(159): Illuminate/View/View->renderContents()
#14 C:/Users/PSHCPU008/Desktop/temple-backend/vendor/livewire/livewire/src/Component.php(235): Illuminate/View/View->render()
#15 C:/Users/PSHCPU008/Desktop/temple-backend/vendor/livewire/livewire/src/HydrationMiddleware/RenderView.php(14): Livewire/Component->output()
#16 C:/Users/PSHCPU008/Desktop/temple-backend/vendor/livewire/livewire/src/LifecycleManager.php(141): Livewire/HydrationMiddleware/RenderView::dehydrate(Object(App/Http/Livewire/PujasTable), Object(Livewire/Response))
#17 C:/Users/PSHCPU008/Desktop/temple-backend/vendor/livewire/livewire/src/LivewireManager.php(132): Livewire/LifecycleManager->initialDehydrate()
#18 C:/Users/PSHCPU008/Desktop/temple-backend/vendor/laravel/framework/src/Illuminate/Support/Facades/Facade.php(355): Livewire/LivewireManager->mount('pujas-table', Array)
#19 C:/Users/PSHCPU008/Desktop/temple-backend/storage/framework/views/c59457ef966edc6a302c87e2d0e95dc6.php(26): Illuminate/Support/Facades/Facade::__callStatic('mount', Array)
#20 C:/Users/PSHCPU008/Desktop/temple-backend/vendor/laravel/framework/src/Illuminate/Filesystem/Filesystem.php(123): require('C://Users//PSHCPU...')
#21 C:/Users/PSHCPU008/Desktop/temple-backend/vendor/laravel/framework/src/Illuminate/Filesystem/Filesystem.php(124): Illuminate/Filesystem/Filesystem::Illuminate/Filesystem/{closure}()
#22 C:/Users/PSHCPU008/Desktop/temple-backend/vendor/laravel/framework/src/Illuminate/View/Engines/PhpEngine.php(58): Illuminate/Filesystem/Filesystem->getRequire('C://Users//PSHCPU...', Array)
#23 C:/Users/PSHCPU008/Desktop/temple-backend/vendor/livewire/livewire/src/ComponentConcerns/RendersLivewireComponents.php(69): Illuminate/View/Engines/PhpEngine->evaluatePath('C://Users//PSHCPU...', Array)
#24 C:/Users/PSHCPU008/Desktop/temple-backend/vendor/laravel/framework/src/Illuminate/View/Engines/CompilerEngine.php(72): Livewire/LivewireViewCompilerEngine->evaluatePath('C://Users//PSHCPU...', Array)
#25 C:/Users/PSHCPU008/Desktop/temple-backend/vendor/livewire/livewire/src/ComponentConcerns/RendersLivewireComponents.php(35): Illuminate/View/Engines/CompilerEngine->get('C://Users//PSHCPU...', Array)
#26 C:/Users/PSHCPU008/Desktop/temple-backend/vendor/laravel/framework/src/Illuminate/View/View.php(207): Livewire/LivewireViewCompilerEngine->get('C://Users//PSHCPU...', Array)
#27 C:/Users/PSHCPU008/Desktop/temple-backend/vendor/laravel/framework/src/Illuminate/View/View.php(190): Illuminate/View/View->getContents()
#28 C:/Users/PSHCPU008/Desktop/temple-backend/vendor/laravel/framework/src/Illuminate/View/View.php(159): Illuminate/View/View->renderContents()
#29 C:/Users/PSHCPU008/Desktop/temple-backend/vendor/laravel/framework/src/Illuminate/Http/Response.php(69): Illuminate/View/View->render()
#30 C:/Users/PSHCPU008/Desktop/temple-backend/vendor/laravel/framework/src/Illuminate/Http/Response.php(35): Illuminate/Http/Response->setContent(Object(Illuminate/View/View))
#31 C:/Users/PSHCPU008/Desktop/temple-backend/vendor/laravel/framework/src/Illuminate/Routing/Router.php(918): Illuminate/Http/Response->__construct(Object(Illuminate/View/View), 200, Array)
#32 C:/Users/PSHCPU008/Desktop/temple-backend/vendor/laravel/framework/src/Illuminate/Routing/Router.php(885): Illuminate/Routing/Router::toResponse(Object(Illuminate/Http/Request), Object(Illuminate/View/View))
#33 C:/Users/PSHCPU008/Desktop/temple-backend/vendor/laravel/framework/src/Illuminate/Routing/Router.php(805): Illuminate/Routing/Router->prepareResponse(Object(Illuminate/Http/Request), Object(Illuminate/View/View))
#34 C:/Users/PSHCPU008/Desktop/temple-backend/vendor/laravel/framework/src/Illuminate/Pipeline/Pipeline.php(144): Illuminate/Routing/Router->Illuminate/Routing/{closure}(Object(Illuminate/Http/Request))
#35 C:/Users/PSHCPU008/Desktop/temple-backend/vendor/spatie/laravel-permission/src/Middlewares/RoleOrPermissionMiddleware.php(26): Illuminate/Pipeline/Pipeline->Illuminate/Pipeline/{closure}(Object(Illuminate/Http/Request))
#36 C:/Users/PSHCPU008/Desktop/temple-backend/vendor/laravel/framework/src/Illuminate/Pipeline/Pipeline.php(183): Spatie/Permission/Middlewares/RoleOrPermissionMiddleware->handle(Object(Illuminate/Http/Request), Object(Closure), 'view-pujas')
#37 C:/Users/PSHCPU008/Desktop/temple-backend/vendor/laravel/framework/src/Illuminate/Routing/Middleware/SubstituteBindings.php(50): Illuminate/Pipeline/Pipeline->Illuminate/Pipeline/{closure}(Object(Illuminate/Http/Request))
#38 C:/Users/PSHCPU008/Desktop/temple-backend/vendor/laravel/framework/src/Illuminate/Pipeline/Pipeline.php(183): Illuminate/Routing/Middleware/SubstituteBindings->handle(Object(Illuminate/Http/Request), Object(Closure))
#39 C:/Users/PSHCPU008/Desktop/temple-backend/vendor/laravel/framework/src/Illuminate/Auth/Middleware/Authenticate.php(57): Illuminate/Pipeline/Pipeline->Illuminate/Pipeline/{closure}(Object(Illuminate/Http/Request))
#40 C:/Users/PSHCPU008/Desktop/temple-backend/vendor/laravel/framework/src/Illuminate/Pipeline/Pipeline.php(183): Illuminate/Auth/Middleware/Authenticate->handle(Object(Illuminate/Http/Request), Object(Closure))
#41 C:/Users/PSHCPU008/Desktop/temple-backend/vendor/laravel/framework/src/Illuminate/Foundation/Http/Middleware/VerifyCsrfToken.php(78): Illuminate/Pipeline/Pipeline->Illuminate/Pipeline/{closure}(Object(Illuminate/Http/Request))
#42 C:/Users/PSHCPU008/Desktop/temple-backend/vendor/laravel/framework/src/Illuminate/Pipeline/Pipeline.php(183): Illuminate/Foundation/Http/Middleware/VerifyCsrfToken->handle(Object(Illuminate/Http/Request), Object(Closure))
#43 C:/Users/PSHCPU008/Desktop/temple-backend/vendor/laravel/framework/src/Illuminate/View/Middleware/ShareErrorsFromSession.php(49): Illuminate/Pipeline/Pipeline->Illuminate/Pipeline/{closure}(Object(Illuminate/Http/Request))
#44 C:/Users/PSHCPU008/Desktop/temple-backend/vendor/laravel/framework/src/Illuminate/Pipeline/Pipeline.php(183): Illuminate/View/Middleware/ShareErrorsFromSession->handle(Object(Illuminate/Http/Request), Object(Closure))
#45 C:/Users/PSHCPU008/Desktop/temple-backend/vendor/laravel/framework/src/Illuminate/Session/Middleware/StartSession.php(121): Illuminate/Pipeline/Pipeline->Illuminate/Pipeline/{closure}(Object(Illuminate/Http/Request))
#46 C:/Users/PSHCPU008/Desktop/temple-backend/vendor/laravel/framework/src/Illuminate/Session/Middleware/StartSession.php(64): Illuminate/Session/Middleware/StartSession->handleStatefulRequest(Object(Illuminate/Http/Request), Object(Illuminate/Session/Store), Object(Closure))
#47 C:/Users/PSHCPU008/Desktop/temple-backend/vendor/laravel/framework/src/Illuminate/Pipeline/Pipeline.php(183): Illuminate/Session/Middleware/StartSession->handle(Object(Illuminate/Http/Request), Object(Closure))
#48 C:/Users/PSHCPU008/Desktop/temple-backend/vendor/laravel/framework/src/Illuminate/Cookie/Middleware/AddQueuedCookiesToResponse.php(37): Illuminate/Pipeline/Pipeline->Illuminate/Pipeline/{closure}(Object(Illuminate/Http/Request))
#49 C:/Users/PSHCPU008/Desktop/temple-backend/vendor/laravel/framework/src/Illuminate/Pipeline/Pipeline.php(183): Illuminate/Cookie/Middleware/AddQueuedCookiesToResponse->handle(Object(Illuminate/Http/Request), Object(Closure))
#50 C:/Users/PSHCPU008/Desktop/temple-backend/vendor/laravel/framework/src/Illuminate/Cookie/Middleware/EncryptCookies.php(67): Illuminate/Pipeline/Pipeline->Illuminate/Pipeline/{closure}(Object(Illuminate/Http/Request))
#51 C:/Users/PSHCPU008/Desktop/temple-backend/vendor/laravel/framework/src/Illuminate/Pipeline/Pipeline.php(183): Illuminate/Cookie/Middleware/EncryptCookies->handle(Object(Illuminate/Http/Request), Object(Closure))
#52 C:/Users/PSHCPU008/Desktop/temple-backend/vendor/laravel/framework/src/Illuminate/Pipeline/Pipeline.php(119): Illuminate/Pipeline/Pipeline->Illuminate/Pipeline/{closure}(Object(Illuminate/Http/Request))
#53 C:/Users/PSHCPU008/Desktop/temple-backend/vendor/laravel/framework/src/Illuminate/Routing/Router.php(805): Illuminate/Pipeline/Pipeline->then(Object(Closure))
#54 C:/Users/PSHCPU008/Desktop/temple-backend/vendor/laravel/framework/src/Illuminate/Routing/Router.php(784): Illuminate/Routing/Router->runRouteWithinStack(Object(Illuminate/Routing/Route), Object(Illuminate/Http/Request))
#55 C:/Users/PSHCPU008/Desktop/temple-backend/vendor/laravel/framework/src/Illuminate/Routing/Router.php(748): Illuminate/Routing/Router->runRoute(Object(Illuminate/Http/Request), Object(Illuminate/Routing/Route))
#56 C:/Users/PSHCPU008/Desktop/temple-backend/vendor/laravel/framework/src/Illuminate/Routing/Router.php(737): Illuminate/Routing/Router->dispatchToRoute(Object(Illuminate/Http/Request))
#57 C:/Users/PSHCPU008/Desktop/temple-backend/vendor/laravel/framework/src/Illuminate/Foundation/Http/Kernel.php(200): Illuminate/Routing/Router->dispatch(Object(Illuminate/Http/Request))
#58 C:/Users/PSHCPU008/Desktop/temple-backend/vendor/laravel/framework/src/Illuminate/Pipeline/Pipeline.php(144): Illuminate/Foundation/Http/Kernel->Illuminate/Foundation/Http/{closure}(Object(Illuminate/Http/Request))
#59 C:/Users/PSHCPU008/Desktop/temple-backend/vendor/livewire/livewire/src/DisableBrowserCache.php(19): Illuminate/Pipeline/Pipeline->Illuminate/Pipeline/{closure}(Object(Illuminate/Http/Request))
#60 C:/Users/PSHCPU008/Desktop/temple-backend/vendor/laravel/framework/src/Illuminate/Pipeline/Pipeline.php(183): Livewire/DisableBrowserCache->handle(Object(Illuminate/Http/Request), Object(Closure))
#61 C:/Users/PSHCPU008/Desktop/temple-backend/vendor/laravel/framework/src/Illuminate/Foundation/Http/Middleware/TransformsRequest.php(21): Illuminate/Pipeline/Pipeline->Illuminate/Pipeline/{closure}(Object(Illuminate/Http/Request))
#62 C:/Users/PSHCPU008/Desktop/temple-backend/vendor/laravel/framework/src/Illuminate/Foundation/Http/Middleware/ConvertEmptyStringsToNull.php(31): Illuminate/Foundation/Http/Middleware/TransformsRequest->handle(Object(Illuminate/Http/Request), Object(Closure))
#63 C:/Users/PSHCPU008/Desktop/temple-backend/vendor/laravel/framework/src/Illuminate/Pipeline/Pipeline.php(183): Illuminate/Foundation/Http/Middleware/ConvertEmptyStringsToNull->handle(Object(Illuminate/Http/Request), Object(Closure))
#64 C:/Users/PSHCPU008/Desktop/temple-backend/vendor/laravel/framework/src/Illuminate/Foundation/Http/Middleware/TransformsRequest.php(21): Illuminate/Pipeline/Pipeline->Illuminate/Pipeline/{closure}(Object(Illuminate/Http/Request))
#65 C:/Users/PSHCPU008/Desktop/temple-backend/vendor/laravel/framework/src/Illuminate/Foundation/Http/Middleware/TrimStrings.php(40): Illuminate/Foundation/Http/Middleware/TransformsRequest->handle(Object(Illuminate/Http/Request), Object(Closure))
#66 C:/Users/PSHCPU008/Desktop/temple-backend/vendor/laravel/framework/src/Illuminate/Pipeline/Pipeline.php(183): Illuminate/Foundation/Http/Middleware/TrimStrings->handle(Object(Illuminate/Http/Request), Object(Closure))
#67 C:/Users/PSHCPU008/Desktop/temple-backend/vendor/laravel/framework/src/Illuminate/Foundation/Http/Middleware/ValidatePostSize.php(27): Illuminate/Pipeline/Pipeline->Illuminate/Pipeline/{closure}(Object(Illuminate/Http/Request))
#68 C:/Users/PSHCPU008/Desktop/temple-backend/vendor/laravel/framework/src/Illuminate/Pipeline/Pipeline.php(183): Illuminate/Foundation/Http/Middleware/ValidatePostSize->handle(Object(Illuminate/Http/Request), Object(Closure))
#69 C:/Users/PSHCPU008/Desktop/temple-backend/vendor/laravel/framework/src/Illuminate/Foundation/Http/Middleware/PreventRequestsDuringMaintenance.php(99): Illuminate/Pipeline/Pipeline->Illuminate/Pipeline/{closure}(Object(Illuminate/Http/Request))
#70 C:/Users/PSHCPU008/Desktop/temple-backend/vendor/laravel/framework/src/Illuminate/Pipeline/Pipeline.php(183): Illuminate/Foundation/Http/Middleware/PreventRequestsDuringMaintenance->handle(Object(Illuminate/Http/Request), Object(Closure))
#71 C:/Users/PSHCPU008/Desktop/temple-backend/vendor/laravel/framework/src/Illuminate/Http/Middleware/HandleCors.php(49): Illuminate/Pipeline/Pipeline->Illuminate/Pipeline/{closure}(Object(Illuminate/Http/Request))
#72 C:/Users/PSHCPU008/Desktop/temple-backend/vendor/laravel/framework/src/Illuminate/Pipeline/Pipeline.php(183): Illuminate/Http/Middleware/HandleCors->handle(Object(Illuminate/Http/Request), Object(Closure))
#73 C:/Users/PSHCPU008/Desktop/temple-backend/vendor/laravel/framework/src/Illuminate/Http/Middleware/TrustProxies.php(39): Illuminate/Pipeline/Pipeline->Illuminate/Pipeline/{closure}(Object(Illuminate/Http/Request))
#74 C:/Users/PSHCPU008/Desktop/temple-backend/vendor/laravel/framework/src/Illuminate/Pipeline/Pipeline.php(183): Illuminate/Http/Middleware/TrustProxies->handle(Object(Illuminate/Http/Request), Object(Closure))
#75 C:/Users/PSHCPU008/Desktop/temple-backend/vendor/laravel/framework/src/Illuminate/Pipeline/Pipeline.php(119): Illuminate/Pipeline/Pipeline->Illuminate/Pipeline/{closure}(Object(Illuminate/Http/Request))
#76 C:/Users/PSHCPU008/Desktop/temple-backend/vendor/laravel/framework/src/Illuminate/Foundation/Http/Kernel.php(175): Illuminate/Pipeline/Pipeline->then(Object(Closure))
#77 C:/Users/PSHCPU008/Desktop/temple-backend/vendor/laravel/framework/src/Illuminate/Foundation/Http/Kernel.php(144): Illuminate/Foundation/Http/Kernel->sendRequestThroughRouter(Object(Illuminate/Http/Request))
#78 C:/Users/PSHCPU008/Desktop/temple-backend/public/index.php(51): Illuminate/Foundation/Http/Kernel->handle(Object(Illuminate/Http/Request))
#79 C:/Users/PSHCPU008/Desktop/temple-backend/vendor/laravel/framework/src/Illuminate/Foundation/resources/server.php(16): require_once('C://Users//PSHCPU...')
#80 {main}
"} 
[2026-09-15 16:19:20] local.ERROR: View [common.livewire-tables.mobile-toggle] not found. {"view":{"view":"C:\\Users\\PSHCPU008\\Desktop\\temple-backend\\vendor\\rappasoft\\laravel-livewire-tables\\resources\\views\\datatable.blade.php","data":{"errors":"<pre class=sf-dump id=sf-dump-477313609 data-indent-pad=\"  \"><span class=sf-dump-note>Illuminate\\Support\\ViewErrorBag</span> {<a class=sf-dump-ref>#2080</a><samp data-depth=1 class=sf-dump-expanded>
  #<span class=sf-dump-protected title=\"Protected property\">bags</span>: []
</samp>}
</pre><script>Sfdump(\"sf-dump-477313609\", {\"maxDepth\":3,\"maxStringLength\":160})</script>
","config":"<pre class=sf-dump id=sf-dump-1552620629 data-indent-pad=\"  \"><span class=sf-dump-note>InfyOm\\Generator\\Common\\GeneratorConfig</span> {<a class=sf-dump-ref>#2120</a><samp data-depth=1 class=sf-dump-expanded>
  +<span class=sf-dump-public title=\"Public property\">namespaces</span>: <span class=sf-dump-const title=\"Uninitialized property\">? InfyOm\\Generator\\DTOs\\GeneratorNamespaces</span>
  +<span class=sf-dump-public title=\"Public property\">paths</span>: <span class=sf-dump-const title=\"Uninitialized property\">? InfyOm\\Generator\\DTOs\\GeneratorPaths</span>
  +<span class=sf-dump-public title=\"Public property\">modelNames</span>: <span class=sf-dump-const title=\"Uninitialized property\">? InfyOm\\Generator\\DTOs\\ModelNames</span>
  +<span class=sf-dump-public title=\"Public property\">prefixes</span>: <span class=sf-dump-const title=\"Uninitialized property\">? InfyOm\\Generator\\DTOs\\GeneratorPrefixes</span>
  +<span class=sf-dump-public title=\"Public property\">options</span>: <span class=sf-dump-const title=\"Uninitialized property\">? InfyOm\\Generator\\DTOs\\GeneratorOptions</span>
  +<span class=sf-dump-public title=\"Public property\">command</span>: <span class=sf-dump-const title=\"Uninitialized property\">? Illuminate\\Console\\Command</span>
  +<span class=sf-dump-public title=\"Public property\">fields</span>: []
  +<span class=sf-dump-public title=\"Public property\">relations</span>: []
  +<span class=sf-dump-public title=\"Public property\">tableName</span>: <span class=sf-dump-const>null</span>
  +<span class=sf-dump-public title=\"Public property\">tableType</span>: <span class=sf-dump-const title=\"Uninitialized property\">? string</span>
  +<span class=sf-dump-public title=\"Public property\">apiPrefix</span>: <span class=sf-dump-const title=\"Uninitialized property\">? string</span>
  +<span class=sf-dump-public title=\"Public property\">primaryName</span>: <span class=sf-dump-const>null</span>
  +<span class=sf-dump-public title=\"Public property\">connection</span>: <span class=sf-dump-const>null</span>
</samp>}
</pre><script>Sfdump(\"sf-dump-1552620629\", {\"maxDepth\":3,\"maxStringLength\":160})</script>
"}},"userId":1,"exception":"[object] (Spatie\\LaravelIgnition\\Exceptions\\ViewException(code: 0): View [common.livewire-tables.mobile-toggle] not found. at C:/Users/PSHCPU008/Desktop/temple-backend/vendor/laravel/framework/src/Illuminate/View/FileViewFinder.php:137)
[stacktrace]
#0 C:/Users/PSHCPU008/Desktop/temple-backend/vendor/laravel/framework/src/Illuminate/View/FileViewFinder.php(79): Illuminate/View/FileViewFinder->findInPaths('common.livewire...', Array)
#1 C:/Users/PSHCPU008/Desktop/temple-backend/vendor/laravel/framework/src/Illuminate/View/Factory.php(137): Illuminate/View/FileViewFinder->find('common.livewire...')
#2 C:/Users/PSHCPU008/Desktop/temple-backend/vendor/laravel/framework/src/Illuminate/Foundation/helpers.php(1020): Illuminate/View/Factory->make('common.livewire...', Array, Array)
#3 C:/Users/PSHCPU008/Desktop/temple-backend/app/Http/Livewire/PujasTable.php(66): view('common.livewire...', Array)
#4 [internal function]: App/Http/Livewire/PujasTable->App/Http/Livewire/{closure}(0, Object(App/Models/Puja), Object(Rappasoft/LaravelLivewireTables/Views/Column))
#5 C:/Users/PSHCPU008/Desktop/temple-backend/vendor/rappasoft/laravel-livewire-tables/src/Views/Traits/Helpers/ColumnHelpers.php(125): call_user_func(Object(Closure), 0, Object(App/Models/Puja), Object(Rappasoft/LaravelLivewireTables/Views/Column))
#6 C:/Users/PSHCPU008/Desktop/temple-backend/vendor/rappasoft/laravel-livewire-tables/src/Views/Traits/Helpers/ColumnHelpers.php(106): Rappasoft/LaravelLivewireTables/Views/Column->getContents(Object(App/Models/Puja))
#7 C:/Users/PSHCPU008/Desktop/temple-backend/vendor/rappasoft/laravel-livewire-tables/resources/views/datatable.blade.php(45): Rappasoft/LaravelLivewireTables/Views/Column->renderContents(Object(App/Models/Puja))
#8 C:/Users/PSHCPU008/Desktop/temple-backend/vendor/livewire/livewire/src/ComponentConcerns/RendersLivewireComponents.php(83): include('C://Users//PSHCPU...')
#9 C:/Users/PSHCPU008/Desktop/temple-backend/vendor/livewire/livewire/src/ComponentConcerns/RendersLivewireComponents.php(84): App/Http/Livewire/PujasTable->Livewire/ComponentConcerns/{closure}()
#10 C:/Users/PSHCPU008/Desktop/temple-backend/vendor/livewire/livewire/src/ComponentConcerns/RendersLivewireComponents.php(59): Livewire/LivewireViewCompilerEngine->evaluatePath('C://Users//PSHCPU...', Array)
#11 C:/Users/PSHCPU008/Desktop/temple-backend/vendor/laravel/framework/src/Illuminate/View/View.php(207): Livewire/LivewireViewCompilerEngine->get('C://Users//PSHCPU...', Array)
#12 C:/Users/PSHCPU008/Desktop/temple-backend/vendor/laravel/framework/src/Illuminate/View/View.php(190): Illuminate/View/View->getContents()
#13 C:/Users/PSHCPU008/Desktop/temple-backend/vendor/laravel/framework/src/Illuminate/View/View.php(159): Illuminate/View/View->renderContents()
#14 C:/Users/PSHCPU008/Desktop/temple-backend/vendor/livewire/livewire/src/Component.php(235): Illuminate/View/View->render()
#15 C:/Users/PSHCPU008/Desktop/temple-backend/vendor/livewire/livewire/src/HydrationMiddleware/RenderView.php(14): Livewire/Component->output()
#16 C:/Users/PSHCPU008/Desktop/temple-backend/vendor/livewire/livewire/src/LifecycleManager.php(141): Livewire/HydrationMiddleware/RenderView::dehydrate(Object(App/Http/Livewire/PujasTable), Object(Livewire/Response))
#17 C:/Users/PSHCPU008/Desktop/temple-backend/vendor/livewire/livewire/src/LivewireManager.php(132): Livewire/LifecycleManager->initialDehydrate()
#18 C:/Users/PSHCPU008/Desktop/temple-backend/vendor/laravel/framework/src/Illuminate/Support/Facades/Facade.php(355): Livewire/LivewireManager->mount('pujas-table', Array)
#19 C:/Users/PSHCPU008/Desktop/temple-backend/resources/views/pujas/index.blade.php(26): Illuminate/Support/Facades/Facade::__callStatic('mount', Array)
#20 C:/Users/PSHCPU008/Desktop/temple-backend/vendor/laravel/framework/src/Illuminate/Filesystem/Filesystem.php(123): require('C://Users//PSHCPU...')
#21 C:/Users/PSHCPU008/Desktop/temple-backend/vendor/laravel/framework/src/Illuminate/Filesystem/Filesystem.php(124): Illuminate/Filesystem/Filesystem::Illuminate/Filesystem/{closure}()
#22 C:/Users/PSHCPU008/Desktop/temple-backend/vendor/laravel/framework/src/Illuminate/View/Engines/PhpEngine.php(58): Illuminate/Filesystem/Filesystem->getRequire('C://Users//PSHCPU...', Array)
#23 C:/Users/PSHCPU008/Desktop/temple-backend/vendor/livewire/livewire/src/ComponentConcerns/RendersLivewireComponents.php(69): Illuminate/View/Engines/PhpEngine->evaluatePath('C://Users//PSHCPU...', Array)
#24 C:/Users/PSHCPU008/Desktop/temple-backend/vendor/laravel/framework/src/Illuminate/View/Engines/CompilerEngine.php(72): Livewire/LivewireViewCompilerEngine->evaluatePath('C://Users//PSHCPU...', Array)
#25 C:/Users/PSHCPU008/Desktop/temple-backend/vendor/livewire/livewire/src/ComponentConcerns/RendersLivewireComponents.php(35): Illuminate/View/Engines/CompilerEngine->get('C://Users//PSHCPU...', Array)
#26 C:/Users/PSHCPU008/Desktop/temple-backend/vendor/laravel/framework/src/Illuminate/View/View.php(207): Livewire/LivewireViewCompilerEngine->get('C://Users//PSHCPU...', Array)
#27 C:/Users/PSHCPU008/Desktop/temple-backend/vendor/laravel/framework/src/Illuminate/View/View.php(190): Illuminate/View/View->getContents()
#28 C:/Users/PSHCPU008/Desktop/temple-backend/vendor/laravel/framework/src/Illuminate/View/View.php(159): Illuminate/View/View->renderContents()
#29 C:/Users/PSHCPU008/Desktop/temple-backend/vendor/laravel/framework/src/Illuminate/Http/Response.php(69): Illuminate/View/View->render()
#30 C:/Users/PSHCPU008/Desktop/temple-backend/vendor/laravel/framework/src/Illuminate/Http/Response.php(35): Illuminate/Http/Response->setContent(Object(Illuminate/View/View))
#31 C:/Users/PSHCPU008/Desktop/temple-backend/vendor/laravel/framework/src/Illuminate/Routing/Router.php(918): Illuminate/Http/Response->__construct(Object(Illuminate/View/View), 200, Array)
#32 C:/Users/PSHCPU008/Desktop/temple-backend/vendor/laravel/framework/src/Illuminate/Routing/Router.php(885): Illuminate/Routing/Router::toResponse(Object(Illuminate/Http/Request), Object(Illuminate/View/View))
#33 C:/Users/PSHCPU008/Desktop/temple-backend/vendor/laravel/framework/src/Illuminate/Routing/Router.php(805): Illuminate/Routing/Router->prepareResponse(Object(Illuminate/Http/Request), Object(Illuminate/View/View))
#34 C:/Users/PSHCPU008/Desktop/temple-backend/vendor/laravel/framework/src/Illuminate/Pipeline/Pipeline.php(144): Illuminate/Routing/Router->Illuminate/Routing/{closure}(Object(Illuminate/Http/Request))
#35 C:/Users/PSHCPU008/Desktop/temple-backend/vendor/spatie/laravel-permission/src/Middlewares/RoleOrPermissionMiddleware.php(26): Illuminate/Pipeline/Pipeline->Illuminate/Pipeline/{closure}(Object(Illuminate/Http/Request))
#36 C:/Users/PSHCPU008/Desktop/temple-backend/vendor/laravel/framework/src/Illuminate/Pipeline/Pipeline.php(183): Spatie/Permission/Middlewares/RoleOrPermissionMiddleware->handle(Object(Illuminate/Http/Request), Object(Closure), 'view-pujas')
#37 C:/Users/PSHCPU008/Desktop/temple-backend/vendor/laravel/framework/src/Illuminate/Routing/Middleware/SubstituteBindings.php(50): Illuminate/Pipeline/Pipeline->Illuminate/Pipeline/{closure}(Object(Illuminate/Http/Request))
#38 C:/Users/PSHCPU008/Desktop/temple-backend/vendor/laravel/framework/src/Illuminate/Pipeline/Pipeline.php(183): Illuminate/Routing/Middleware/SubstituteBindings->handle(Object(Illuminate/Http/Request), Object(Closure))
#39 C:/Users/PSHCPU008/Desktop/temple-backend/vendor/laravel/framework/src/Illuminate/Auth/Middleware/Authenticate.php(57): Illuminate/Pipeline/Pipeline->Illuminate/Pipeline/{closure}(Object(Illuminate/Http/Request))
#40 C:/Users/PSHCPU008/Desktop/temple-backend/vendor/laravel/framework/src/Illuminate/Pipeline/Pipeline.php(183): Illuminate/Auth/Middleware/Authenticate->handle(Object(Illuminate/Http/Request), Object(Closure))
#41 C:/Users/PSHCPU008/Desktop/temple-backend/vendor/laravel/framework/src/Illuminate/Foundation/Http/Middleware/VerifyCsrfToken.php(78): Illuminate/Pipeline/Pipeline->Illuminate/Pipeline/{closure}(Object(Illuminate/Http/Request))
#42 C:/Users/PSHCPU008/Desktop/temple-backend/vendor/laravel/framework/src/Illuminate/Pipeline/Pipeline.php(183): Illuminate/Foundation/Http/Middleware/VerifyCsrfToken->handle(Object(Illuminate/Http/Request), Object(Closure))
#43 C:/Users/PSHCPU008/Desktop/temple-backend/vendor/laravel/framework/src/Illuminate/View/Middleware/ShareErrorsFromSession.php(49): Illuminate/Pipeline/Pipeline->Illuminate/Pipeline/{closure}(Object(Illuminate/Http/Request))
#44 C:/Users/PSHCPU008/Desktop/temple-backend/vendor/laravel/framework/src/Illuminate/Pipeline/Pipeline.php(183): Illuminate/View/Middleware/ShareErrorsFromSession->handle(Object(Illuminate/Http/Request), Object(Closure))
#45 C:/Users/PSHCPU008/Desktop/temple-backend/vendor/laravel/framework/src/Illuminate/Session/Middleware/StartSession.php(121): Illuminate/Pipeline/Pipeline->Illuminate/Pipeline/{closure}(Object(Illuminate/Http/Request))
#46 C:/Users/PSHCPU008/Desktop/temple-backend/vendor/laravel/framework/src/Illuminate/Session/Middleware/StartSession.php(64): Illuminate/Session/Middleware/StartSession->handleStatefulRequest(Object(Illuminate/Http/Request), Object(Illuminate/Session/Store), Object(Closure))
#47 C:/Users/PSHCPU008/Desktop/temple-backend/vendor/laravel/framework/src/Illuminate/Pipeline/Pipeline.php(183): Illuminate/Session/Middleware/StartSession->handle(Object(Illuminate/Http/Request), Object(Closure))
#48 C:/Users/PSHCPU008/Desktop/temple-backend/vendor/laravel/framework/src/Illuminate/Cookie/Middleware/AddQueuedCookiesToResponse.php(37): Illuminate/Pipeline/Pipeline->Illuminate/Pipeline/{closure}(Object(Illuminate/Http/Request))
#49 C:/Users/PSHCPU008/Desktop/temple-backend/vendor/laravel/framework/src/Illuminate/Pipeline/Pipeline.php(183): Illuminate/Cookie/Middleware/AddQueuedCookiesToResponse->handle(Object(Illuminate/Http/Request), Object(Closure))
#50 C:/Users/PSHCPU008/Desktop/temple-backend/vendor/laravel/framework/src/Illuminate/Cookie/Middleware/EncryptCookies.php(67): Illuminate/Pipeline/Pipeline->Illuminate/Pipeline/{closure}(Object(Illuminate/Http/Request))
#51 C:/Users/PSHCPU008/Desktop/temple-backend/vendor/laravel/framework/src/Illuminate/Pipeline/Pipeline.php(183): Illuminate/Cookie/Middleware/EncryptCookies->handle(Object(Illuminate/Http/Request), Object(Closure))
#52 C:/Users/PSHCPU008/Desktop/temple-backend/vendor/laravel/framework/src/Illuminate/Pipeline/Pipeline.php(119): Illuminate/Pipeline/Pipeline->Illuminate/Pipeline/{closure}(Object(Illuminate/Http/Request))
#53 C:/Users/PSHCPU008/Desktop/temple-backend/vendor/laravel/framework/src/Illuminate/Routing/Router.php(805): Illuminate/Pipeline/Pipeline->then(Object(Closure))
#54 C:/Users/PSHCPU008/Desktop/temple-backend/vendor/laravel/framework/src/Illuminate/Routing/Router.php(784): Illuminate/Routing/Router->runRouteWithinStack(Object(Illuminate/Routing/Route), Object(Illuminate/Http/Request))
#55 C:/Users/PSHCPU008/Desktop/temple-backend/vendor/laravel/framework/src/Illuminate/Routing/Router.php(748): Illuminate/Routing/Router->runRoute(Object(Illuminate/Http/Request), Object(Illuminate/Routing/Route))
#56 C:/Users/PSHCPU008/Desktop/temple-backend/vendor/laravel/framework/src/Illuminate/Routing/Router.php(737): Illuminate/Routing/Router->dispatchToRoute(Object(Illuminate/Http/Request))
#57 C:/Users/PSHCPU008/Desktop/temple-backend/vendor/laravel/framework/src/Illuminate/Foundation/Http/Kernel.php(200): Illuminate/Routing/Router->dispatch(Object(Illuminate/Http/Request))
#58 C:/Users/PSHCPU008/Desktop/temple-backend/vendor/laravel/framework/src/Illuminate/Pipeline/Pipeline.php(144): Illuminate/Foundation/Http/Kernel->Illuminate/Foundation/Http/{closure}(Object(Illuminate/Http/Request))
#59 C:/Users/PSHCPU008/Desktop/temple-backend/vendor/livewire/livewire/src/DisableBrowserCache.php(19): Illuminate/Pipeline/Pipeline->Illuminate/Pipeline/{closure}(Object(Illuminate/Http/Request))
#60 C:/Users/PSHCPU008/Desktop/temple-backend/vendor/laravel/framework/src/Illuminate/Pipeline/Pipeline.php(183): Livewire/DisableBrowserCache->handle(Object(Illuminate/Http/Request), Object(Closure))
#61 C:/Users/PSHCPU008/Desktop/temple-backend/vendor/laravel/framework/src/Illuminate/Foundation/Http/Middleware/TransformsRequest.php(21): Illuminate/Pipeline/Pipeline->Illuminate/Pipeline/{closure}(Object(Illuminate/Http/Request))
#62 C:/Users/PSHCPU008/Desktop/temple-backend/vendor/laravel/framework/src/Illuminate/Foundation/Http/Middleware/ConvertEmptyStringsToNull.php(31): Illuminate/Foundation/Http/Middleware/TransformsRequest->handle(Object(Illuminate/Http/Request), Object(Closure))
#63 C:/Users/PSHCPU008/Desktop/temple-backend/vendor/laravel/framework/src/Illuminate/Pipeline/Pipeline.php(183): Illuminate/Foundation/Http/Middleware/ConvertEmptyStringsToNull->handle(Object(Illuminate/Http/Request), Object(Closure))
#64 C:/Users/PSHCPU008/Desktop/temple-backend/vendor/laravel/framework/src/Illuminate/Foundation/Http/Middleware/TransformsRequest.php(21): Illuminate/Pipeline/Pipeline->Illuminate/Pipeline/{closure}(Object(Illuminate/Http/Request))
#65 C:/Users/PSHCPU008/Desktop/temple-backend/vendor/laravel/framework/src/Illuminate/Foundation/Http/Middleware/TrimStrings.php(40): Illuminate/Foundation/Http/Middleware/TransformsRequest->handle(Object(Illuminate/Http/Request), Object(Closure))
#66 C:/Users/PSHCPU008/Desktop/temple-backend/vendor/laravel/framework/src/Illuminate/Pipeline/Pipeline.php(183): Illuminate/Foundation/Http/Middleware/TrimStrings->handle(Object(Illuminate/Http/Request), Object(Closure))
#67 C:/Users/PSHCPU008/Desktop/temple-backend/vendor/laravel/framework/src/Illuminate/Foundation/Http/Middleware/ValidatePostSize.php(27): Illuminate/Pipeline/Pipeline->Illuminate/Pipeline/{closure}(Object(Illuminate/Http/Request))
#68 C:/Users/PSHCPU008/Desktop/temple-backend/vendor/laravel/framework/src/Illuminate/Pipeline/Pipeline.php(183): Illuminate/Foundation/Http/Middleware/ValidatePostSize->handle(Object(Illuminate/Http/Request), Object(Closure))
#69 C:/Users/PSHCPU008/Desktop/temple-backend/vendor/laravel/framework/src/Illuminate/Foundation/Http/Middleware/PreventRequestsDuringMaintenance.php(99): Illuminate/Pipeline/Pipeline->Illuminate/Pipeline/{closure}(Object(Illuminate/Http/Request))
#70 C:/Users/PSHCPU008/Desktop/temple-backend/vendor/laravel/framework/src/Illuminate/Pipeline/Pipeline.php(183): Illuminate/Foundation/Http/Middleware/PreventRequestsDuringMaintenance->handle(Object(Illuminate/Http/Request), Object(Closure))
#71 C:/Users/PSHCPU008/Desktop/temple-backend/vendor/laravel/framework/src/Illuminate/Http/Middleware/HandleCors.php(49): Illuminate/Pipeline/Pipeline->Illuminate/Pipeline/{closure}(Object(Illuminate/Http/Request))
#72 C:/Users/PSHCPU008/Desktop/temple-backend/vendor/laravel/framework/src/Illuminate/Pipeline/Pipeline.php(183): Illuminate/Http/Middleware/HandleCors->handle(Object(Illuminate/Http/Request), Object(Closure))
#73 C:/Users/PSHCPU008/Desktop/temple-backend/vendor/laravel/framework/src/Illuminate/Http/Middleware/TrustProxies.php(39): Illuminate/Pipeline/Pipeline->Illuminate/Pipeline/{closure}(Object(Illuminate/Http/Request))
#74 C:/Users/PSHCPU008/Desktop/temple-backend/vendor/laravel/framework/src/Illuminate/Pipeline/Pipeline.php(183): Illuminate/Http/Middleware/TrustProxies->handle(Object(Illuminate/Http/Request), Object(Closure))
#75 C:/Users/PSHCPU008/Desktop/temple-backend/vendor/laravel/framework/src/Illuminate/Pipeline/Pipeline.php(119): Illuminate/Pipeline/Pipeline->Illuminate/Pipeline/{closure}(Object(Illuminate/Http/Request))
#76 C:/Users/PSHCPU008/Desktop/temple-backend/vendor/laravel/framework/src/Illuminate/Foundation/Http/Kernel.php(175): Illuminate/Pipeline/Pipeline->then(Object(Closure))
#77 C:/Users/PSHCPU008/Desktop/temple-backend/vendor/laravel/framework/src/Illuminate/Foundation/Http/Kernel.php(144): Illuminate/Foundation/Http/Kernel->sendRequestThroughRouter(Object(Illuminate/Http/Request))
#78 C:/Users/PSHCPU008/Desktop/temple-backend/public/index.php(51): Illuminate/Foundation/Http/Kernel->handle(Object(Illuminate/Http/Request))
#79 C:/Users/PSHCPU008/Desktop/temple-backend/vendor/laravel/framework/src/Illuminate/Foundation/resources/server.php(16): require_once('C://Users//PSHCPU...')
#80 {main}

[previous exception] [object] (InvalidArgumentException(code: 0): View [common.livewire-tables.mobile-toggle] not found. at C:/Users/PSHCPU008/Desktop/temple-backend/vendor/laravel/framework/src/Illuminate/View/FileViewFinder.php:137)
[stacktrace]
#0 C:/Users/PSHCPU008/Desktop/temple-backend/vendor/laravel/framework/src/Illuminate/View/FileViewFinder.php(79): Illuminate/View/FileViewFinder->findInPaths('common.livewire...', Array)
#1 C:/Users/PSHCPU008/Desktop/temple-backend/vendor/laravel/framework/src/Illuminate/View/Factory.php(137): Illuminate/View/FileViewFinder->find('common.livewire...')
#2 C:/Users/PSHCPU008/Desktop/temple-backend/vendor/laravel/framework/src/Illuminate/Foundation/helpers.php(1020): Illuminate/View/Factory->make('common.livewire...', Array, Array)
#3 C:/Users/PSHCPU008/Desktop/temple-backend/app/Http/Livewire/PujasTable.php(66): view('common.livewire...', Array)
#4 [internal function]: App/Http/Livewire/PujasTable->App/Http/Livewire/{closure}(0, Object(App/Models/Puja), Object(Rappasoft/LaravelLivewireTables/Views/Column))
#5 C:/Users/PSHCPU008/Desktop/temple-backend/vendor/rappasoft/laravel-livewire-tables/src/Views/Traits/Helpers/ColumnHelpers.php(125): call_user_func(Object(Closure), 0, Object(App/Models/Puja), Object(Rappasoft/LaravelLivewireTables/Views/Column))
#6 C:/Users/PSHCPU008/Desktop/temple-backend/vendor/rappasoft/laravel-livewire-tables/src/Views/Traits/Helpers/ColumnHelpers.php(106): Rappasoft/LaravelLivewireTables/Views/Column->getContents(Object(App/Models/Puja))
#7 C:/Users/PSHCPU008/Desktop/temple-backend/storage/framework/views/e975280bd8ff53ebb2c9d3487918f41a.php(327): Rappasoft/LaravelLivewireTables/Views/Column->renderContents(Object(App/Models/Puja))
#8 C:/Users/PSHCPU008/Desktop/temple-backend/vendor/livewire/livewire/src/ComponentConcerns/RendersLivewireComponents.php(83): include('C://Users//PSHCPU...')
#9 C:/Users/PSHCPU008/Desktop/temple-backend/vendor/livewire/livewire/src/ComponentConcerns/RendersLivewireComponents.php(84): App/Http/Livewire/PujasTable->Livewire/ComponentConcerns/{closure}()
#10 C:/Users/PSHCPU008/Desktop/temple-backend/vendor/livewire/livewire/src/ComponentConcerns/RendersLivewireComponents.php(59): Livewire/LivewireViewCompilerEngine->evaluatePath('C://Users//PSHCPU...', Array)
#11 C:/Users/PSHCPU008/Desktop/temple-backend/vendor/laravel/framework/src/Illuminate/View/View.php(207): Livewire/LivewireViewCompilerEngine->get('C://Users//PSHCPU...', Array)
#12 C:/Users/PSHCPU008/Desktop/temple-backend/vendor/laravel/framework/src/Illuminate/View/View.php(190): Illuminate/View/View->getContents()
#13 C:/Users/PSHCPU008/Desktop/temple-backend/vendor/laravel/framework/src/Illuminate/View/View.php(159): Illuminate/View/View->renderContents()
#14 C:/Users/PSHCPU008/Desktop/temple-backend/vendor/livewire/livewire/src/Component.php(235): Illuminate/View/View->render()
#15 C:/Users/PSHCPU008/Desktop/temple-backend/vendor/livewire/livewire/src/HydrationMiddleware/RenderView.php(14): Livewire/Component->output()
#16 C:/Users/PSHCPU008/Desktop/temple-backend/vendor/livewire/livewire/src/LifecycleManager.php(141): Livewire/HydrationMiddleware/RenderView::dehydrate(Object(App/Http/Livewire/PujasTable), Object(Livewire/Response))
#17 C:/Users/PSHCPU008/Desktop/temple-backend/vendor/livewire/livewire/src/LivewireManager.php(132): Livewire/LifecycleManager->initialDehydrate()
#18 C:/Users/PSHCPU008/Desktop/temple-backend/vendor/laravel/framework/src/Illuminate/Support/Facades/Facade.php(355): Livewire/LivewireManager->mount('pujas-table', Array)
#19 C:/Users/PSHCPU008/Desktop/temple-backend/storage/framework/views/c59457ef966edc6a302c87e2d0e95dc6.php(26): Illuminate/Support/Facades/Facade::__callStatic('mount', Array)
#20 C:/Users/PSHCPU008/Desktop/temple-backend/vendor/laravel/framework/src/Illuminate/Filesystem/Filesystem.php(123): require('C://Users//PSHCPU...')
#21 C:/Users/PSHCPU008/Desktop/temple-backend/vendor/laravel/framework/src/Illuminate/Filesystem/Filesystem.php(124): Illuminate/Filesystem/Filesystem::Illuminate/Filesystem/{closure}()
#22 C:/Users/PSHCPU008/Desktop/temple-backend/vendor/laravel/framework/src/Illuminate/View/Engines/PhpEngine.php(58): Illuminate/Filesystem/Filesystem->getRequire('C://Users//PSHCPU...', Array)
#23 C:/Users/PSHCPU008/Desktop/temple-backend/vendor/livewire/livewire/src/ComponentConcerns/RendersLivewireComponents.php(69): Illuminate/View/Engines/PhpEngine->evaluatePath('C://Users//PSHCPU...', Array)
#24 C:/Users/PSHCPU008/Desktop/temple-backend/vendor/laravel/framework/src/Illuminate/View/Engines/CompilerEngine.php(72): Livewire/LivewireViewCompilerEngine->evaluatePath('C://Users//PSHCPU...', Array)
#25 C:/Users/PSHCPU008/Desktop/temple-backend/vendor/livewire/livewire/src/ComponentConcerns/RendersLivewireComponents.php(35): Illuminate/View/Engines/CompilerEngine->get('C://Users//PSHCPU...', Array)
#26 C:/Users/PSHCPU008/Desktop/temple-backend/vendor/laravel/framework/src/Illuminate/View/View.php(207): Livewire/LivewireViewCompilerEngine->get('C://Users//PSHCPU...', Array)
#27 C:/Users/PSHCPU008/Desktop/temple-backend/vendor/laravel/framework/src/Illuminate/View/View.php(190): Illuminate/View/View->getContents()
#28 C:/Users/PSHCPU008/Desktop/temple-backend/vendor/laravel/framework/src/Illuminate/View/View.php(159): Illuminate/View/View->renderContents()
#29 C:/Users/PSHCPU008/Desktop/temple-backend/vendor/laravel/framework/src/Illuminate/Http/Response.php(69): Illuminate/View/View->render()
#30 C:/Users/PSHCPU008/Desktop/temple-backend/vendor/laravel/framework/src/Illuminate/Http/Response.php(35): Illuminate/Http/Response->setContent(Object(Illuminate/View/View))
#31 C:/Users/PSHCPU008/Desktop/temple-backend/vendor/laravel/framework/src/Illuminate/Routing/Router.php(918): Illuminate/Http/Response->__construct(Object(Illuminate/View/View), 200, Array)
#32 C:/Users/PSHCPU008/Desktop/temple-backend/vendor/laravel/framework/src/Illuminate/Routing/Router.php(885): Illuminate/Routing/Router::toResponse(Object(Illuminate/Http/Request), Object(Illuminate/View/View))
#33 C:/Users/PSHCPU008/Desktop/temple-backend/vendor/laravel/framework/src/Illuminate/Routing/Router.php(805): Illuminate/Routing/Router->prepareResponse(Object(Illuminate/Http/Request), Object(Illuminate/View/View))
#34 C:/Users/PSHCPU008/Desktop/temple-backend/vendor/laravel/framework/src/Illuminate/Pipeline/Pipeline.php(144): Illuminate/Routing/Router->Illuminate/Routing/{closure}(Object(Illuminate/Http/Request))
#35 C:/Users/PSHCPU008/Desktop/temple-backend/vendor/spatie/laravel-permission/src/Middlewares/RoleOrPermissionMiddleware.php(26): Illuminate/Pipeline/Pipeline->Illuminate/Pipeline/{closure}(Object(Illuminate/Http/Request))
#36 C:/Users/PSHCPU008/Desktop/temple-backend/vendor/laravel/framework/src/Illuminate/Pipeline/Pipeline.php(183): Spatie/Permission/Middlewares/RoleOrPermissionMiddleware->handle(Object(Illuminate/Http/Request), Object(Closure), 'view-pujas')
#37 C:/Users/PSHCPU008/Desktop/temple-backend/vendor/laravel/framework/src/Illuminate/Routing/Middleware/SubstituteBindings.php(50): Illuminate/Pipeline/Pipeline->Illuminate/Pipeline/{closure}(Object(Illuminate/Http/Request))
#38 C:/Users/PSHCPU008/Desktop/temple-backend/vendor/laravel/framework/src/Illuminate/Pipeline/Pipeline.php(183): Illuminate/Routing/Middleware/SubstituteBindings->handle(Object(Illuminate/Http/Request), Object(Closure))
#39 C:/Users/PSHCPU008/Desktop/temple-backend/vendor/laravel/framework/src/Illuminate/Auth/Middleware/Authenticate.php(57): Illuminate/Pipeline/Pipeline->Illuminate/Pipeline/{closure}(Object(Illuminate/Http/Request))
#40 C:/Users/PSHCPU008/Desktop/temple-backend/vendor/laravel/framework/src/Illuminate/Pipeline/Pipeline.php(183): Illuminate/Auth/Middleware/Authenticate->handle(Object(Illuminate/Http/Request), Object(Closure))
#41 C:/Users/PSHCPU008/Desktop/temple-backend/vendor/laravel/framework/src/Illuminate/Foundation/Http/Middleware/VerifyCsrfToken.php(78): Illuminate/Pipeline/Pipeline->Illuminate/Pipeline/{closure}(Object(Illuminate/Http/Request))
#42 C:/Users/PSHCPU008/Desktop/temple-backend/vendor/laravel/framework/src/Illuminate/Pipeline/Pipeline.php(183): Illuminate/Foundation/Http/Middleware/VerifyCsrfToken->handle(Object(Illuminate/Http/Request), Object(Closure))
#43 C:/Users/PSHCPU008/Desktop/temple-backend/vendor/laravel/framework/src/Illuminate/View/Middleware/ShareErrorsFromSession.php(49): Illuminate/Pipeline/Pipeline->Illuminate/Pipeline/{closure}(Object(Illuminate/Http/Request))
#44 C:/Users/PSHCPU008/Desktop/temple-backend/vendor/laravel/framework/src/Illuminate/Pipeline/Pipeline.php(183): Illuminate/View/Middleware/ShareErrorsFromSession->handle(Object(Illuminate/Http/Request), Object(Closure))
#45 C:/Users/PSHCPU008/Desktop/temple-backend/vendor/laravel/framework/src/Illuminate/Session/Middleware/StartSession.php(121): Illuminate/Pipeline/Pipeline->Illuminate/Pipeline/{closure}(Object(Illuminate/Http/Request))
#46 C:/Users/PSHCPU008/Desktop/temple-backend/vendor/laravel/framework/src/Illuminate/Session/Middleware/StartSession.php(64): Illuminate/Session/Middleware/StartSession->handleStatefulRequest(Object(Illuminate/Http/Request), Object(Illuminate/Session/Store), Object(Closure))
#47 C:/Users/PSHCPU008/Desktop/temple-backend/vendor/laravel/framework/src/Illuminate/Pipeline/Pipeline.php(183): Illuminate/Session/Middleware/StartSession->handle(Object(Illuminate/Http/Request), Object(Closure))
#48 C:/Users/PSHCPU008/Desktop/temple-backend/vendor/laravel/framework/src/Illuminate/Cookie/Middleware/AddQueuedCookiesToResponse.php(37): Illuminate/Pipeline/Pipeline->Illuminate/Pipeline/{closure}(Object(Illuminate/Http/Request))
#49 C:/Users/PSHCPU008/Desktop/temple-backend/vendor/laravel/framework/src/Illuminate/Pipeline/Pipeline.php(183): Illuminate/Cookie/Middleware/AddQueuedCookiesToResponse->handle(Object(Illuminate/Http/Request), Object(Closure))
#50 C:/Users/PSHCPU008/Desktop/temple-backend/vendor/laravel/framework/src/Illuminate/Cookie/Middleware/EncryptCookies.php(67): Illuminate/Pipeline/Pipeline->Illuminate/Pipeline/{closure}(Object(Illuminate/Http/Request))
#51 C:/Users/PSHCPU008/Desktop/temple-backend/vendor/laravel/framework/src/Illuminate/Pipeline/Pipeline.php(183): Illuminate/Cookie/Middleware/EncryptCookies->handle(Object(Illuminate/Http/Request), Object(Closure))
#52 C:/Users/PSHCPU008/Desktop/temple-backend/vendor/laravel/framework/src/Illuminate/Pipeline/Pipeline.php(119): Illuminate/Pipeline/Pipeline->Illuminate/Pipeline/{closure}(Object(Illuminate/Http/Request))
#53 C:/Users/PSHCPU008/Desktop/temple-backend/vendor/laravel/framework/src/Illuminate/Routing/Router.php(805): Illuminate/Pipeline/Pipeline->then(Object(Closure))
#54 C:/Users/PSHCPU008/Desktop/temple-backend/vendor/laravel/framework/src/Illuminate/Routing/Router.php(784): Illuminate/Routing/Router->runRouteWithinStack(Object(Illuminate/Routing/Route), Object(Illuminate/Http/Request))
#55 C:/Users/PSHCPU008/Desktop/temple-backend/vendor/laravel/framework/src/Illuminate/Routing/Router.php(748): Illuminate/Routing/Router->runRoute(Object(Illuminate/Http/Request), Object(Illuminate/Routing/Route))
#56 C:/Users/PSHCPU008/Desktop/temple-backend/vendor/laravel/framework/src/Illuminate/Routing/Router.php(737): Illuminate/Routing/Router->dispatchToRoute(Object(Illuminate/Http/Request))
#57 C:/Users/PSHCPU008/Desktop/temple-backend/vendor/laravel/framework/src/Illuminate/Foundation/Http/Kernel.php(200): Illuminate/Routing/Router->dispatch(Object(Illuminate/Http/Request))
#58 C:/Users/PSHCPU008/Desktop/temple-backend/vendor/laravel/framework/src/Illuminate/Pipeline/Pipeline.php(144): Illuminate/Foundation/Http/Kernel->Illuminate/Foundation/Http/{closure}(Object(Illuminate/Http/Request))
#59 C:/Users/PSHCPU008/Desktop/temple-backend/vendor/livewire/livewire/src/DisableBrowserCache.php(19): Illuminate/Pipeline/Pipeline->Illuminate/Pipeline/{closure}(Object(Illuminate/Http/Request))
#60 C:/Users/PSHCPU008/Desktop/temple-backend/vendor/laravel/framework/src/Illuminate/Pipeline/Pipeline.php(183): Livewire/DisableBrowserCache->handle(Object(Illuminate/Http/Request), Object(Closure))
#61 C:/Users/PSHCPU008/Desktop/temple-backend/vendor/laravel/framework/src/Illuminate/Foundation/Http/Middleware/TransformsRequest.php(21): Illuminate/Pipeline/Pipeline->Illuminate/Pipeline/{closure}(Object(Illuminate/Http/Request))
#62 C:/Users/PSHCPU008/Desktop/temple-backend/vendor/laravel/framework/src/Illuminate/Foundation/Http/Middleware/ConvertEmptyStringsToNull.php(31): Illuminate/Foundation/Http/Middleware/TransformsRequest->handle(Object(Illuminate/Http/Request), Object(Closure))
#63 C:/Users/PSHCPU008/Desktop/temple-backend/vendor/laravel/framework/src/Illuminate/Pipeline/Pipeline.php(183): Illuminate/Foundation/Http/Middleware/ConvertEmptyStringsToNull->handle(Object(Illuminate/Http/Request), Object(Closure))
#64 C:/Users/PSHCPU008/Desktop/temple-backend/vendor/laravel/framework/src/Illuminate/Foundation/Http/Middleware/TransformsRequest.php(21): Illuminate/Pipeline/Pipeline->Illuminate/Pipeline/{closure}(Object(Illuminate/Http/Request))
#65 C:/Users/PSHCPU008/Desktop/temple-backend/vendor/laravel/framework/src/Illuminate/Foundation/Http/Middleware/TrimStrings.php(40): Illuminate/Foundation/Http/Middleware/TransformsRequest->handle(Object(Illuminate/Http/Request), Object(Closure))
#66 C:/Users/PSHCPU008/Desktop/temple-backend/vendor/laravel/framework/src/Illuminate/Pipeline/Pipeline.php(183): Illuminate/Foundation/Http/Middleware/TrimStrings->handle(Object(Illuminate/Http/Request), Object(Closure))
#67 C:/Users/PSHCPU008/Desktop/temple-backend/vendor/laravel/framework/src/Illuminate/Foundation/Http/Middleware/ValidatePostSize.php(27): Illuminate/Pipeline/Pipeline->Illuminate/Pipeline/{closure}(Object(Illuminate/Http/Request))
#68 C:/Users/PSHCPU008/Desktop/temple-backend/vendor/laravel/framework/src/Illuminate/Pipeline/Pipeline.php(183): Illuminate/Foundation/Http/Middleware/ValidatePostSize->handle(Object(Illuminate/Http/Request), Object(Closure))
#69 C:/Users/PSHCPU008/Desktop/temple-backend/vendor/laravel/framework/src/Illuminate/Foundation/Http/Middleware/PreventRequestsDuringMaintenance.php(99): Illuminate/Pipeline/Pipeline->Illuminate/Pipeline/{closure}(Object(Illuminate/Http/Request))
#70 C:/Users/PSHCPU008/Desktop/temple-backend/vendor/laravel/framework/src/Illuminate/Pipeline/Pipeline.php(183): Illuminate/Foundation/Http/Middleware/PreventRequestsDuringMaintenance->handle(Object(Illuminate/Http/Request), Object(Closure))
#71 C:/Users/PSHCPU008/Desktop/temple-backend/vendor/laravel/framework/src/Illuminate/Http/Middleware/HandleCors.php(49): Illuminate/Pipeline/Pipeline->Illuminate/Pipeline/{closure}(Object(Illuminate/Http/Request))
#72 C:/Users/PSHCPU008/Desktop/temple-backend/vendor/laravel/framework/src/Illuminate/Pipeline/Pipeline.php(183): Illuminate/Http/Middleware/HandleCors->handle(Object(Illuminate/Http/Request), Object(Closure))
#73 C:/Users/PSHCPU008/Desktop/temple-backend/vendor/laravel/framework/src/Illuminate/Http/Middleware/TrustProxies.php(39): Illuminate/Pipeline/Pipeline->Illuminate/Pipeline/{closure}(Object(Illuminate/Http/Request))
#74 C:/Users/PSHCPU008/Desktop/temple-backend/vendor/laravel/framework/src/Illuminate/Pipeline/Pipeline.php(183): Illuminate/Http/Middleware/TrustProxies->handle(Object(Illuminate/Http/Request), Object(Closure))
#75 C:/Users/PSHCPU008/Desktop/temple-backend/vendor/laravel/framework/src/Illuminate/Pipeline/Pipeline.php(119): Illuminate/Pipeline/Pipeline->Illuminate/Pipeline/{closure}(Object(Illuminate/Http/Request))
#76 C:/Users/PSHCPU008/Desktop/temple-backend/vendor/laravel/framework/src/Illuminate/Foundation/Http/Kernel.php(175): Illuminate/Pipeline/Pipeline->then(Object(Closure))
#77 C:/Users/PSHCPU008/Desktop/temple-backend/vendor/laravel/framework/src/Illuminate/Foundation/Http/Kernel.php(144): Illuminate/Foundation/Http/Kernel->sendRequestThroughRouter(Object(Illuminate/Http/Request))
#78 C:/Users/PSHCPU008/Desktop/temple-backend/public/index.php(51): Illuminate/Foundation/Http/Kernel->handle(Object(Illuminate/Http/Request))
#79 C:/Users/PSHCPU008/Desktop/temple-backend/vendor/laravel/framework/src/Illuminate/Foundation/resources/server.php(16): require_once('C://Users//PSHCPU...')
#80 {main}
"} 
[2026-09-15 16:19:23] local.ERROR: View [common.livewire-tables.mobile-toggle] not found. {"view":{"view":"C:\\Users\\PSHCPU008\\Desktop\\temple-backend\\vendor\\rappasoft\\laravel-livewire-tables\\resources\\views\\datatable.blade.php","data":{"errors":"<pre class=sf-dump id=sf-dump-1658543289 data-indent-pad=\"  \"><span class=sf-dump-note>Illuminate\\Support\\ViewErrorBag</span> {<a class=sf-dump-ref>#2080</a><samp data-depth=1 class=sf-dump-expanded>
  #<span class=sf-dump-protected title=\"Protected property\">bags</span>: []
</samp>}
</pre><script>Sfdump(\"sf-dump-1658543289\", {\"maxDepth\":3,\"maxStringLength\":160})</script>
","config":"<pre class=sf-dump id=sf-dump-1353202862 data-indent-pad=\"  \"><span class=sf-dump-note>InfyOm\\Generator\\Common\\GeneratorConfig</span> {<a class=sf-dump-ref>#2120</a><samp data-depth=1 class=sf-dump-expanded>
  +<span class=sf-dump-public title=\"Public property\">namespaces</span>: <span class=sf-dump-const title=\"Uninitialized property\">? InfyOm\\Generator\\DTOs\\GeneratorNamespaces</span>
  +<span class=sf-dump-public title=\"Public property\">paths</span>: <span class=sf-dump-const title=\"Uninitialized property\">? InfyOm\\Generator\\DTOs\\GeneratorPaths</span>
  +<span class=sf-dump-public title=\"Public property\">modelNames</span>: <span class=sf-dump-const title=\"Uninitialized property\">? InfyOm\\Generator\\DTOs\\ModelNames</span>
  +<span class=sf-dump-public title=\"Public property\">prefixes</span>: <span class=sf-dump-const title=\"Uninitialized property\">? InfyOm\\Generator\\DTOs\\GeneratorPrefixes</span>
  +<span class=sf-dump-public title=\"Public property\">options</span>: <span class=sf-dump-const title=\"Uninitialized property\">? InfyOm\\Generator\\DTOs\\GeneratorOptions</span>
  +<span class=sf-dump-public title=\"Public property\">command</span>: <span class=sf-dump-const title=\"Uninitialized property\">? Illuminate\\Console\\Command</span>
  +<span class=sf-dump-public title=\"Public property\">fields</span>: []
  +<span class=sf-dump-public title=\"Public property\">relations</span>: []
  +<span class=sf-dump-public title=\"Public property\">tableName</span>: <span class=sf-dump-const>null</span>
  +<span class=sf-dump-public title=\"Public property\">tableType</span>: <span class=sf-dump-const title=\"Uninitialized property\">? string</span>
  +<span class=sf-dump-public title=\"Public property\">apiPrefix</span>: <span class=sf-dump-const title=\"Uninitialized property\">? string</span>
  +<span class=sf-dump-public title=\"Public property\">primaryName</span>: <span class=sf-dump-const>null</span>
  +<span class=sf-dump-public title=\"Public property\">connection</span>: <span class=sf-dump-const>null</span>
</samp>}
</pre><script>Sfdump(\"sf-dump-1353202862\", {\"maxDepth\":3,\"maxStringLength\":160})</script>
"}},"userId":1,"exception":"[object] (Spatie\\LaravelIgnition\\Exceptions\\ViewException(code: 0): View [common.livewire-tables.mobile-toggle] not found. at C:/Users/PSHCPU008/Desktop/temple-backend/vendor/laravel/framework/src/Illuminate/View/FileViewFinder.php:137)
[stacktrace]
#0 C:/Users/PSHCPU008/Desktop/temple-backend/vendor/laravel/framework/src/Illuminate/View/FileViewFinder.php(79): Illuminate/View/FileViewFinder->findInPaths('common.livewire...', Array)
#1 C:/Users/PSHCPU008/Desktop/temple-backend/vendor/laravel/framework/src/Illuminate/View/Factory.php(137): Illuminate/View/FileViewFinder->find('common.livewire...')
#2 C:/Users/PSHCPU008/Desktop/temple-backend/vendor/laravel/framework/src/Illuminate/Foundation/helpers.php(1020): Illuminate/View/Factory->make('common.livewire...', Array, Array)
#3 C:/Users/PSHCPU008/Desktop/temple-backend/app/Http/Livewire/PujasTable.php(66): view('common.livewire...', Array)
#4 [internal function]: App/Http/Livewire/PujasTable->App/Http/Livewire/{closure}(0, Object(App/Models/Puja), Object(Rappasoft/LaravelLivewireTables/Views/Column))
#5 C:/Users/PSHCPU008/Desktop/temple-backend/vendor/rappasoft/laravel-livewire-tables/src/Views/Traits/Helpers/ColumnHelpers.php(125): call_user_func(Object(Closure), 0, Object(App/Models/Puja), Object(Rappasoft/LaravelLivewireTables/Views/Column))
#6 C:/Users/PSHCPU008/Desktop/temple-backend/vendor/rappasoft/laravel-livewire-tables/src/Views/Traits/Helpers/ColumnHelpers.php(106): Rappasoft/LaravelLivewireTables/Views/Column->getContents(Object(App/Models/Puja))
#7 C:/Users/PSHCPU008/Desktop/temple-backend/vendor/rappasoft/laravel-livewire-tables/resources/views/datatable.blade.php(45): Rappasoft/LaravelLivewireTables/Views/Column->renderContents(Object(App/Models/Puja))
#8 C:/Users/PSHCPU008/Desktop/temple-backend/vendor/livewire/livewire/src/ComponentConcerns/RendersLivewireComponents.php(83): include('C://Users//PSHCPU...')
#9 C:/Users/PSHCPU008/Desktop/temple-backend/vendor/livewire/livewire/src/ComponentConcerns/RendersLivewireComponents.php(84): App/Http/Livewire/PujasTable->Livewire/ComponentConcerns/{closure}()
#10 C:/Users/PSHCPU008/Desktop/temple-backend/vendor/livewire/livewire/src/ComponentConcerns/RendersLivewireComponents.php(59): Livewire/LivewireViewCompilerEngine->evaluatePath('C://Users//PSHCPU...', Array)
#11 C:/Users/PSHCPU008/Desktop/temple-backend/vendor/laravel/framework/src/Illuminate/View/View.php(207): Livewire/LivewireViewCompilerEngine->get('C://Users//PSHCPU...', Array)
#12 C:/Users/PSHCPU008/Desktop/temple-backend/vendor/laravel/framework/src/Illuminate/View/View.php(190): Illuminate/View/View->getContents()
#13 C:/Users/PSHCPU008/Desktop/temple-backend/vendor/laravel/framework/src/Illuminate/View/View.php(159): Illuminate/View/View->renderContents()
#14 C:/Users/PSHCPU008/Desktop/temple-backend/vendor/livewire/livewire/src/Component.php(235): Illuminate/View/View->render()
#15 C:/Users/PSHCPU008/Desktop/temple-backend/vendor/livewire/livewire/src/HydrationMiddleware/RenderView.php(14): Livewire/Component->output()
#16 C:/Users/PSHCPU008/Desktop/temple-backend/vendor/livewire/livewire/src/LifecycleManager.php(141): Livewire/HydrationMiddleware/RenderView::dehydrate(Object(App/Http/Livewire/PujasTable), Object(Livewire/Response))
#17 C:/Users/PSHCPU008/Desktop/temple-backend/vendor/livewire/livewire/src/LivewireManager.php(132): Livewire/LifecycleManager->initialDehydrate()
#18 C:/Users/PSHCPU008/Desktop/temple-backend/vendor/laravel/framework/src/Illuminate/Support/Facades/Facade.php(355): Livewire/LivewireManager->mount('pujas-table', Array)
#19 C:/Users/PSHCPU008/Desktop/temple-backend/resources/views/pujas/index.blade.php(26): Illuminate/Support/Facades/Facade::__callStatic('mount', Array)
#20 C:/Users/PSHCPU008/Desktop/temple-backend/vendor/laravel/framework/src/Illuminate/Filesystem/Filesystem.php(123): require('C://Users//PSHCPU...')
#21 C:/Users/PSHCPU008/Desktop/temple-backend/vendor/laravel/framework/src/Illuminate/Filesystem/Filesystem.php(124): Illuminate/Filesystem/Filesystem::Illuminate/Filesystem/{closure}()
#22 C:/Users/PSHCPU008/Desktop/temple-backend/vendor/laravel/framework/src/Illuminate/View/Engines/PhpEngine.php(58): Illuminate/Filesystem/Filesystem->getRequire('C://Users//PSHCPU...', Array)
#23 C:/Users/PSHCPU008/Desktop/temple-backend/vendor/livewire/livewire/src/ComponentConcerns/RendersLivewireComponents.php(69): Illuminate/View/Engines/PhpEngine->evaluatePath('C://Users//PSHCPU...', Array)
#24 C:/Users/PSHCPU008/Desktop/temple-backend/vendor/laravel/framework/src/Illuminate/View/Engines/CompilerEngine.php(72): Livewire/LivewireViewCompilerEngine->evaluatePath('C://Users//PSHCPU...', Array)
#25 C:/Users/PSHCPU008/Desktop/temple-backend/vendor/livewire/livewire/src/ComponentConcerns/RendersLivewireComponents.php(35): Illuminate/View/Engines/CompilerEngine->get('C://Users//PSHCPU...', Array)
#26 C:/Users/PSHCPU008/Desktop/temple-backend/vendor/laravel/framework/src/Illuminate/View/View.php(207): Livewire/LivewireViewCompilerEngine->get('C://Users//PSHCPU...', Array)
#27 C:/Users/PSHCPU008/Desktop/temple-backend/vendor/laravel/framework/src/Illuminate/View/View.php(190): Illuminate/View/View->getContents()
#28 C:/Users/PSHCPU008/Desktop/temple-backend/vendor/laravel/framework/src/Illuminate/View/View.php(159): Illuminate/View/View->renderContents()
#29 C:/Users/PSHCPU008/Desktop/temple-backend/vendor/laravel/framework/src/Illuminate/Http/Response.php(69): Illuminate/View/View->render()
#30 C:/Users/PSHCPU008/Desktop/temple-backend/vendor/laravel/framework/src/Illuminate/Http/Response.php(35): Illuminate/Http/Response->setContent(Object(Illuminate/View/View))
#31 C:/Users/PSHCPU008/Desktop/temple-backend/vendor/laravel/framework/src/Illuminate/Routing/Router.php(918): Illuminate/Http/Response->__construct(Object(Illuminate/View/View), 200, Array)
#32 C:/Users/PSHCPU008/Desktop/temple-backend/vendor/laravel/framework/src/Illuminate/Routing/Router.php(885): Illuminate/Routing/Router::toResponse(Object(Illuminate/Http/Request), Object(Illuminate/View/View))
#33 C:/Users/PSHCPU008/Desktop/temple-backend/vendor/laravel/framework/src/Illuminate/Routing/Router.php(805): Illuminate/Routing/Router->prepareResponse(Object(Illuminate/Http/Request), Object(Illuminate/View/View))
#34 C:/Users/PSHCPU008/Desktop/temple-backend/vendor/laravel/framework/src/Illuminate/Pipeline/Pipeline.php(144): Illuminate/Routing/Router->Illuminate/Routing/{closure}(Object(Illuminate/Http/Request))
#35 C:/Users/PSHCPU008/Desktop/temple-backend/vendor/spatie/laravel-permission/src/Middlewares/RoleOrPermissionMiddleware.php(26): Illuminate/Pipeline/Pipeline->Illuminate/Pipeline/{closure}(Object(Illuminate/Http/Request))
#36 C:/Users/PSHCPU008/Desktop/temple-backend/vendor/laravel/framework/src/Illuminate/Pipeline/Pipeline.php(183): Spatie/Permission/Middlewares/RoleOrPermissionMiddleware->handle(Object(Illuminate/Http/Request), Object(Closure), 'view-pujas')
#37 C:/Users/PSHCPU008/Desktop/temple-backend/vendor/laravel/framework/src/Illuminate/Routing/Middleware/SubstituteBindings.php(50): Illuminate/Pipeline/Pipeline->Illuminate/Pipeline/{closure}(Object(Illuminate/Http/Request))
#38 C:/Users/PSHCPU008/Desktop/temple-backend/vendor/laravel/framework/src/Illuminate/Pipeline/Pipeline.php(183): Illuminate/Routing/Middleware/SubstituteBindings->handle(Object(Illuminate/Http/Request), Object(Closure))
#39 C:/Users/PSHCPU008/Desktop/temple-backend/vendor/laravel/framework/src/Illuminate/Auth/Middleware/Authenticate.php(57): Illuminate/Pipeline/Pipeline->Illuminate/Pipeline/{closure}(Object(Illuminate/Http/Request))
#40 C:/Users/PSHCPU008/Desktop/temple-backend/vendor/laravel/framework/src/Illuminate/Pipeline/Pipeline.php(183): Illuminate/Auth/Middleware/Authenticate->handle(Object(Illuminate/Http/Request), Object(Closure))
#41 C:/Users/PSHCPU008/Desktop/temple-backend/vendor/laravel/framework/src/Illuminate/Foundation/Http/Middleware/VerifyCsrfToken.php(78): Illuminate/Pipeline/Pipeline->Illuminate/Pipeline/{closure}(Object(Illuminate/Http/Request))
#42 C:/Users/PSHCPU008/Desktop/temple-backend/vendor/laravel/framework/src/Illuminate/Pipeline/Pipeline.php(183): Illuminate/Foundation/Http/Middleware/VerifyCsrfToken->handle(Object(Illuminate/Http/Request), Object(Closure))
#43 C:/Users/PSHCPU008/Desktop/temple-backend/vendor/laravel/framework/src/Illuminate/View/Middleware/ShareErrorsFromSession.php(49): Illuminate/Pipeline/Pipeline->Illuminate/Pipeline/{closure}(Object(Illuminate/Http/Request))
#44 C:/Users/PSHCPU008/Desktop/temple-backend/vendor/laravel/framework/src/Illuminate/Pipeline/Pipeline.php(183): Illuminate/View/Middleware/ShareErrorsFromSession->handle(Object(Illuminate/Http/Request), Object(Closure))
#45 C:/Users/PSHCPU008/Desktop/temple-backend/vendor/laravel/framework/src/Illuminate/Session/Middleware/StartSession.php(121): Illuminate/Pipeline/Pipeline->Illuminate/Pipeline/{closure}(Object(Illuminate/Http/Request))
#46 C:/Users/PSHCPU008/Desktop/temple-backend/vendor/laravel/framework/src/Illuminate/Session/Middleware/StartSession.php(64): Illuminate/Session/Middleware/StartSession->handleStatefulRequest(Object(Illuminate/Http/Request), Object(Illuminate/Session/Store), Object(Closure))
#47 C:/Users/PSHCPU008/Desktop/temple-backend/vendor/laravel/framework/src/Illuminate/Pipeline/Pipeline.php(183): Illuminate/Session/Middleware/StartSession->handle(Object(Illuminate/Http/Request), Object(Closure))
#48 C:/Users/PSHCPU008/Desktop/temple-backend/vendor/laravel/framework/src/Illuminate/Cookie/Middleware/AddQueuedCookiesToResponse.php(37): Illuminate/Pipeline/Pipeline->Illuminate/Pipeline/{closure}(Object(Illuminate/Http/Request))
#49 C:/Users/PSHCPU008/Desktop/temple-backend/vendor/laravel/framework/src/Illuminate/Pipeline/Pipeline.php(183): Illuminate/Cookie/Middleware/AddQueuedCookiesToResponse->handle(Object(Illuminate/Http/Request), Object(Closure))
#50 C:/Users/PSHCPU008/Desktop/temple-backend/vendor/laravel/framework/src/Illuminate/Cookie/Middleware/EncryptCookies.php(67): Illuminate/Pipeline/Pipeline->Illuminate/Pipeline/{closure}(Object(Illuminate/Http/Request))
#51 C:/Users/PSHCPU008/Desktop/temple-backend/vendor/laravel/framework/src/Illuminate/Pipeline/Pipeline.php(183): Illuminate/Cookie/Middleware/EncryptCookies->handle(Object(Illuminate/Http/Request), Object(Closure))
#52 C:/Users/PSHCPU008/Desktop/temple-backend/vendor/laravel/framework/src/Illuminate/Pipeline/Pipeline.php(119): Illuminate/Pipeline/Pipeline->Illuminate/Pipeline/{closure}(Object(Illuminate/Http/Request))
#53 C:/Users/PSHCPU008/Desktop/temple-backend/vendor/laravel/framework/src/Illuminate/Routing/Router.php(805): Illuminate/Pipeline/Pipeline->then(Object(Closure))
#54 C:/Users/PSHCPU008/Desktop/temple-backend/vendor/laravel/framework/src/Illuminate/Routing/Router.php(784): Illuminate/Routing/Router->runRouteWithinStack(Object(Illuminate/Routing/Route), Object(Illuminate/Http/Request))
#55 C:/Users/PSHCPU008/Desktop/temple-backend/vendor/laravel/framework/src/Illuminate/Routing/Router.php(748): Illuminate/Routing/Router->runRoute(Object(Illuminate/Http/Request), Object(Illuminate/Routing/Route))
#56 C:/Users/PSHCPU008/Desktop/temple-backend/vendor/laravel/framework/src/Illuminate/Routing/Router.php(737): Illuminate/Routing/Router->dispatchToRoute(Object(Illuminate/Http/Request))
#57 C:/Users/PSHCPU008/Desktop/temple-backend/vendor/laravel/framework/src/Illuminate/Foundation/Http/Kernel.php(200): Illuminate/Routing/Router->dispatch(Object(Illuminate/Http/Request))
#58 C:/Users/PSHCPU008/Desktop/temple-backend/vendor/laravel/framework/src/Illuminate/Pipeline/Pipeline.php(144): Illuminate/Foundation/Http/Kernel->Illuminate/Foundation/Http/{closure}(Object(Illuminate/Http/Request))
#59 C:/Users/PSHCPU008/Desktop/temple-backend/vendor/livewire/livewire/src/DisableBrowserCache.php(19): Illuminate/Pipeline/Pipeline->Illuminate/Pipeline/{closure}(Object(Illuminate/Http/Request))
#60 C:/Users/PSHCPU008/Desktop/temple-backend/vendor/laravel/framework/src/Illuminate/Pipeline/Pipeline.php(183): Livewire/DisableBrowserCache->handle(Object(Illuminate/Http/Request), Object(Closure))
#61 C:/Users/PSHCPU008/Desktop/temple-backend/vendor/laravel/framework/src/Illuminate/Foundation/Http/Middleware/TransformsRequest.php(21): Illuminate/Pipeline/Pipeline->Illuminate/Pipeline/{closure}(Object(Illuminate/Http/Request))
#62 C:/Users/PSHCPU008/Desktop/temple-backend/vendor/laravel/framework/src/Illuminate/Foundation/Http/Middleware/ConvertEmptyStringsToNull.php(31): Illuminate/Foundation/Http/Middleware/TransformsRequest->handle(Object(Illuminate/Http/Request), Object(Closure))
#63 C:/Users/PSHCPU008/Desktop/temple-backend/vendor/laravel/framework/src/Illuminate/Pipeline/Pipeline.php(183): Illuminate/Foundation/Http/Middleware/ConvertEmptyStringsToNull->handle(Object(Illuminate/Http/Request), Object(Closure))
#64 C:/Users/PSHCPU008/Desktop/temple-backend/vendor/laravel/framework/src/Illuminate/Foundation/Http/Middleware/TransformsRequest.php(21): Illuminate/Pipeline/Pipeline->Illuminate/Pipeline/{closure}(Object(Illuminate/Http/Request))
#65 C:/Users/PSHCPU008/Desktop/temple-backend/vendor/laravel/framework/src/Illuminate/Foundation/Http/Middleware/TrimStrings.php(40): Illuminate/Foundation/Http/Middleware/TransformsRequest->handle(Object(Illuminate/Http/Request), Object(Closure))
#66 C:/Users/PSHCPU008/Desktop/temple-backend/vendor/laravel/framework/src/Illuminate/Pipeline/Pipeline.php(183): Illuminate/Foundation/Http/Middleware/TrimStrings->handle(Object(Illuminate/Http/Request), Object(Closure))
#67 C:/Users/PSHCPU008/Desktop/temple-backend/vendor/laravel/framework/src/Illuminate/Foundation/Http/Middleware/ValidatePostSize.php(27): Illuminate/Pipeline/Pipeline->Illuminate/Pipeline/{closure}(Object(Illuminate/Http/Request))
#68 C:/Users/PSHCPU008/Desktop/temple-backend/vendor/laravel/framework/src/Illuminate/Pipeline/Pipeline.php(183): Illuminate/Foundation/Http/Middleware/ValidatePostSize->handle(Object(Illuminate/Http/Request), Object(Closure))
#69 C:/Users/PSHCPU008/Desktop/temple-backend/vendor/laravel/framework/src/Illuminate/Foundation/Http/Middleware/PreventRequestsDuringMaintenance.php(99): Illuminate/Pipeline/Pipeline->Illuminate/Pipeline/{closure}(Object(Illuminate/Http/Request))
#70 C:/Users/PSHCPU008/Desktop/temple-backend/vendor/laravel/framework/src/Illuminate/Pipeline/Pipeline.php(183): Illuminate/Foundation/Http/Middleware/PreventRequestsDuringMaintenance->handle(Object(Illuminate/Http/Request), Object(Closure))
#71 C:/Users/PSHCPU008/Desktop/temple-backend/vendor/laravel/framework/src/Illuminate/Http/Middleware/HandleCors.php(49): Illuminate/Pipeline/Pipeline->Illuminate/Pipeline/{closure}(Object(Illuminate/Http/Request))
#72 C:/Users/PSHCPU008/Desktop/temple-backend/vendor/laravel/framework/src/Illuminate/Pipeline/Pipeline.php(183): Illuminate/Http/Middleware/HandleCors->handle(Object(Illuminate/Http/Request), Object(Closure))
#73 C:/Users/PSHCPU008/Desktop/temple-backend/vendor/laravel/framework/src/Illuminate/Http/Middleware/TrustProxies.php(39): Illuminate/Pipeline/Pipeline->Illuminate/Pipeline/{closure}(Object(Illuminate/Http/Request))
#74 C:/Users/PSHCPU008/Desktop/temple-backend/vendor/laravel/framework/src/Illuminate/Pipeline/Pipeline.php(183): Illuminate/Http/Middleware/TrustProxies->handle(Object(Illuminate/Http/Request), Object(Closure))
#75 C:/Users/PSHCPU008/Desktop/temple-backend/vendor/laravel/framework/src/Illuminate/Pipeline/Pipeline.php(119): Illuminate/Pipeline/Pipeline->Illuminate/Pipeline/{closure}(Object(Illuminate/Http/Request))
#76 C:/Users/PSHCPU008/Desktop/temple-backend/vendor/laravel/framework/src/Illuminate/Foundation/Http/Kernel.php(175): Illuminate/Pipeline/Pipeline->then(Object(Closure))
#77 C:/Users/PSHCPU008/Desktop/temple-backend/vendor/laravel/framework/src/Illuminate/Foundation/Http/Kernel.php(144): Illuminate/Foundation/Http/Kernel->sendRequestThroughRouter(Object(Illuminate/Http/Request))
#78 C:/Users/PSHCPU008/Desktop/temple-backend/public/index.php(51): Illuminate/Foundation/Http/Kernel->handle(Object(Illuminate/Http/Request))
#79 C:/Users/PSHCPU008/Desktop/temple-backend/vendor/laravel/framework/src/Illuminate/Foundation/resources/server.php(16): require_once('C://Users//PSHCPU...')
#80 {main}

[previous exception] [object] (InvalidArgumentException(code: 0): View [common.livewire-tables.mobile-toggle] not found. at C:/Users/PSHCPU008/Desktop/temple-backend/vendor/laravel/framework/src/Illuminate/View/FileViewFinder.php:137)
[stacktrace]
#0 C:/Users/PSHCPU008/Desktop/temple-backend/vendor/laravel/framework/src/Illuminate/View/FileViewFinder.php(79): Illuminate/View/FileViewFinder->findInPaths('common.livewire...', Array)
#1 C:/Users/PSHCPU008/Desktop/temple-backend/vendor/laravel/framework/src/Illuminate/View/Factory.php(137): Illuminate/View/FileViewFinder->find('common.livewire...')
#2 C:/Users/PSHCPU008/Desktop/temple-backend/vendor/laravel/framework/src/Illuminate/Foundation/helpers.php(1020): Illuminate/View/Factory->make('common.livewire...', Array, Array)
#3 C:/Users/PSHCPU008/Desktop/temple-backend/app/Http/Livewire/PujasTable.php(66): view('common.livewire...', Array)
#4 [internal function]: App/Http/Livewire/PujasTable->App/Http/Livewire/{closure}(0, Object(App/Models/Puja), Object(Rappasoft/LaravelLivewireTables/Views/Column))
#5 C:/Users/PSHCPU008/Desktop/temple-backend/vendor/rappasoft/laravel-livewire-tables/src/Views/Traits/Helpers/ColumnHelpers.php(125): call_user_func(Object(Closure), 0, Object(App/Models/Puja), Object(Rappasoft/LaravelLivewireTables/Views/Column))
#6 C:/Users/PSHCPU008/Desktop/temple-backend/vendor/rappasoft/laravel-livewire-tables/src/Views/Traits/Helpers/ColumnHelpers.php(106): Rappasoft/LaravelLivewireTables/Views/Column->getContents(Object(App/Models/Puja))
#7 C:/Users/PSHCPU008/Desktop/temple-backend/storage/framework/views/e975280bd8ff53ebb2c9d3487918f41a.php(327): Rappasoft/LaravelLivewireTables/Views/Column->renderContents(Object(App/Models/Puja))
#8 C:/Users/PSHCPU008/Desktop/temple-backend/vendor/livewire/livewire/src/ComponentConcerns/RendersLivewireComponents.php(83): include('C://Users//PSHCPU...')
#9 C:/Users/PSHCPU008/Desktop/temple-backend/vendor/livewire/livewire/src/ComponentConcerns/RendersLivewireComponents.php(84): App/Http/Livewire/PujasTable->Livewire/ComponentConcerns/{closure}()
#10 C:/Users/PSHCPU008/Desktop/temple-backend/vendor/livewire/livewire/src/ComponentConcerns/RendersLivewireComponents.php(59): Livewire/LivewireViewCompilerEngine->evaluatePath('C://Users//PSHCPU...', Array)
#11 C:/Users/PSHCPU008/Desktop/temple-backend/vendor/laravel/framework/src/Illuminate/View/View.php(207): Livewire/LivewireViewCompilerEngine->get('C://Users//PSHCPU...', Array)
#12 C:/Users/PSHCPU008/Desktop/temple-backend/vendor/laravel/framework/src/Illuminate/View/View.php(190): Illuminate/View/View->getContents()
#13 C:/Users/PSHCPU008/Desktop/temple-backend/vendor/laravel/framework/src/Illuminate/View/View.php(159): Illuminate/View/View->renderContents()
#14 C:/Users/PSHCPU008/Desktop/temple-backend/vendor/livewire/livewire/src/Component.php(235): Illuminate/View/View->render()
#15 C:/Users/PSHCPU008/Desktop/temple-backend/vendor/livewire/livewire/src/HydrationMiddleware/RenderView.php(14): Livewire/Component->output()
#16 C:/Users/PSHCPU008/Desktop/temple-backend/vendor/livewire/livewire/src/LifecycleManager.php(141): Livewire/HydrationMiddleware/RenderView::dehydrate(Object(App/Http/Livewire/PujasTable), Object(Livewire/Response))
#17 C:/Users/PSHCPU008/Desktop/temple-backend/vendor/livewire/livewire/src/LivewireManager.php(132): Livewire/LifecycleManager->initialDehydrate()
#18 C:/Users/PSHCPU008/Desktop/temple-backend/vendor/laravel/framework/src/Illuminate/Support/Facades/Facade.php(355): Livewire/LivewireManager->mount('pujas-table', Array)
#19 C:/Users/PSHCPU008/Desktop/temple-backend/storage/framework/views/c59457ef966edc6a302c87e2d0e95dc6.php(26): Illuminate/Support/Facades/Facade::__callStatic('mount', Array)
#20 C:/Users/PSHCPU008/Desktop/temple-backend/vendor/laravel/framework/src/Illuminate/Filesystem/Filesystem.php(123): require('C://Users//PSHCPU...')
#21 C:/Users/PSHCPU008/Desktop/temple-backend/vendor/laravel/framework/src/Illuminate/Filesystem/Filesystem.php(124): Illuminate/Filesystem/Filesystem::Illuminate/Filesystem/{closure}()
#22 C:/Users/PSHCPU008/Desktop/temple-backend/vendor/laravel/framework/src/Illuminate/View/Engines/PhpEngine.php(58): Illuminate/Filesystem/Filesystem->getRequire('C://Users//PSHCPU...', Array)
#23 C:/Users/PSHCPU008/Desktop/temple-backend/vendor/livewire/livewire/src/ComponentConcerns/RendersLivewireComponents.php(69): Illuminate/View/Engines/PhpEngine->evaluatePath('C://Users//PSHCPU...', Array)
#24 C:/Users/PSHCPU008/Desktop/temple-backend/vendor/laravel/framework/src/Illuminate/View/Engines/CompilerEngine.php(72): Livewire/LivewireViewCompilerEngine->evaluatePath('C://Users//PSHCPU...', Array)
#25 C:/Users/PSHCPU008/Desktop/temple-backend/vendor/livewire/livewire/src/ComponentConcerns/RendersLivewireComponents.php(35): Illuminate/View/Engines/CompilerEngine->get('C://Users//PSHCPU...', Array)
#26 C:/Users/PSHCPU008/Desktop/temple-backend/vendor/laravel/framework/src/Illuminate/View/View.php(207): Livewire/LivewireViewCompilerEngine->get('C://Users//PSHCPU...', Array)
#27 C:/Users/PSHCPU008/Desktop/temple-backend/vendor/laravel/framework/src/Illuminate/View/View.php(190): Illuminate/View/View->getContents()
#28 C:/Users/PSHCPU008/Desktop/temple-backend/vendor/laravel/framework/src/Illuminate/View/View.php(159): Illuminate/View/View->renderContents()
#29 C:/Users/PSHCPU008/Desktop/temple-backend/vendor/laravel/framework/src/Illuminate/Http/Response.php(69): Illuminate/View/View->render()
#30 C:/Users/PSHCPU008/Desktop/temple-backend/vendor/laravel/framework/src/Illuminate/Http/Response.php(35): Illuminate/Http/Response->setContent(Object(Illuminate/View/View))
#31 C:/Users/PSHCPU008/Desktop/temple-backend/vendor/laravel/framework/src/Illuminate/Routing/Router.php(918): Illuminate/Http/Response->__construct(Object(Illuminate/View/View), 200, Array)
#32 C:/Users/PSHCPU008/Desktop/temple-backend/vendor/laravel/framework/src/Illuminate/Routing/Router.php(885): Illuminate/Routing/Router::toResponse(Object(Illuminate/Http/Request), Object(Illuminate/View/View))
#33 C:/Users/PSHCPU008/Desktop/temple-backend/vendor/laravel/framework/src/Illuminate/Routing/Router.php(805): Illuminate/Routing/Router->prepareResponse(Object(Illuminate/Http/Request), Object(Illuminate/View/View))
#34 C:/Users/PSHCPU008/Desktop/temple-backend/vendor/laravel/framework/src/Illuminate/Pipeline/Pipeline.php(144): Illuminate/Routing/Router->Illuminate/Routing/{closure}(Object(Illuminate/Http/Request))
#35 C:/Users/PSHCPU008/Desktop/temple-backend/vendor/spatie/laravel-permission/src/Middlewares/RoleOrPermissionMiddleware.php(26): Illuminate/Pipeline/Pipeline->Illuminate/Pipeline/{closure}(Object(Illuminate/Http/Request))
#36 C:/Users/PSHCPU008/Desktop/temple-backend/vendor/laravel/framework/src/Illuminate/Pipeline/Pipeline.php(183): Spatie/Permission/Middlewares/RoleOrPermissionMiddleware->handle(Object(Illuminate/Http/Request), Object(Closure), 'view-pujas')
#37 C:/Users/PSHCPU008/Desktop/temple-backend/vendor/laravel/framework/src/Illuminate/Routing/Middleware/SubstituteBindings.php(50): Illuminate/Pipeline/Pipeline->Illuminate/Pipeline/{closure}(Object(Illuminate/Http/Request))
#38 C:/Users/PSHCPU008/Desktop/temple-backend/vendor/laravel/framework/src/Illuminate/Pipeline/Pipeline.php(183): Illuminate/Routing/Middleware/SubstituteBindings->handle(Object(Illuminate/Http/Request), Object(Closure))
#39 C:/Users/PSHCPU008/Desktop/temple-backend/vendor/laravel/framework/src/Illuminate/Auth/Middleware/Authenticate.php(57): Illuminate/Pipeline/Pipeline->Illuminate/Pipeline/{closure}(Object(Illuminate/Http/Request))
#40 C:/Users/PSHCPU008/Desktop/temple-backend/vendor/laravel/framework/src/Illuminate/Pipeline/Pipeline.php(183): Illuminate/Auth/Middleware/Authenticate->handle(Object(Illuminate/Http/Request), Object(Closure))
#41 C:/Users/PSHCPU008/Desktop/temple-backend/vendor/laravel/framework/src/Illuminate/Foundation/Http/Middleware/VerifyCsrfToken.php(78): Illuminate/Pipeline/Pipeline->Illuminate/Pipeline/{closure}(Object(Illuminate/Http/Request))
#42 C:/Users/PSHCPU008/Desktop/temple-backend/vendor/laravel/framework/src/Illuminate/Pipeline/Pipeline.php(183): Illuminate/Foundation/Http/Middleware/VerifyCsrfToken->handle(Object(Illuminate/Http/Request), Object(Closure))
#43 C:/Users/PSHCPU008/Desktop/temple-backend/vendor/laravel/framework/src/Illuminate/View/Middleware/ShareErrorsFromSession.php(49): Illuminate/Pipeline/Pipeline->Illuminate/Pipeline/{closure}(Object(Illuminate/Http/Request))
#44 C:/Users/PSHCPU008/Desktop/temple-backend/vendor/laravel/framework/src/Illuminate/Pipeline/Pipeline.php(183): Illuminate/View/Middleware/ShareErrorsFromSession->handle(Object(Illuminate/Http/Request), Object(Closure))
#45 C:/Users/PSHCPU008/Desktop/temple-backend/vendor/laravel/framework/src/Illuminate/Session/Middleware/StartSession.php(121): Illuminate/Pipeline/Pipeline->Illuminate/Pipeline/{closure}(Object(Illuminate/Http/Request))
#46 C:/Users/PSHCPU008/Desktop/temple-backend/vendor/laravel/framework/src/Illuminate/Session/Middleware/StartSession.php(64): Illuminate/Session/Middleware/StartSession->handleStatefulRequest(Object(Illuminate/Http/Request), Object(Illuminate/Session/Store), Object(Closure))
#47 C:/Users/PSHCPU008/Desktop/temple-backend/vendor/laravel/framework/src/Illuminate/Pipeline/Pipeline.php(183): Illuminate/Session/Middleware/StartSession->handle(Object(Illuminate/Http/Request), Object(Closure))
#48 C:/Users/PSHCPU008/Desktop/temple-backend/vendor/laravel/framework/src/Illuminate/Cookie/Middleware/AddQueuedCookiesToResponse.php(37): Illuminate/Pipeline/Pipeline->Illuminate/Pipeline/{closure}(Object(Illuminate/Http/Request))
#49 C:/Users/PSHCPU008/Desktop/temple-backend/vendor/laravel/framework/src/Illuminate/Pipeline/Pipeline.php(183): Illuminate/Cookie/Middleware/AddQueuedCookiesToResponse->handle(Object(Illuminate/Http/Request), Object(Closure))
#50 C:/Users/PSHCPU008/Desktop/temple-backend/vendor/laravel/framework/src/Illuminate/Cookie/Middleware/EncryptCookies.php(67): Illuminate/Pipeline/Pipeline->Illuminate/Pipeline/{closure}(Object(Illuminate/Http/Request))
#51 C:/Users/PSHCPU008/Desktop/temple-backend/vendor/laravel/framework/src/Illuminate/Pipeline/Pipeline.php(183): Illuminate/Cookie/Middleware/EncryptCookies->handle(Object(Illuminate/Http/Request), Object(Closure))
#52 C:/Users/PSHCPU008/Desktop/temple-backend/vendor/laravel/framework/src/Illuminate/Pipeline/Pipeline.php(119): Illuminate/Pipeline/Pipeline->Illuminate/Pipeline/{closure}(Object(Illuminate/Http/Request))
#53 C:/Users/PSHCPU008/Desktop/temple-backend/vendor/laravel/framework/src/Illuminate/Routing/Router.php(805): Illuminate/Pipeline/Pipeline->then(Object(Closure))
#54 C:/Users/PSHCPU008/Desktop/temple-backend/vendor/laravel/framework/src/Illuminate/Routing/Router.php(784): Illuminate/Routing/Router->runRouteWithinStack(Object(Illuminate/Routing/Route), Object(Illuminate/Http/Request))
#55 C:/Users/PSHCPU008/Desktop/temple-backend/vendor/laravel/framework/src/Illuminate/Routing/Router.php(748): Illuminate/Routing/Router->runRoute(Object(Illuminate/Http/Request), Object(Illuminate/Routing/Route))
#56 C:/Users/PSHCPU008/Desktop/temple-backend/vendor/laravel/framework/src/Illuminate/Routing/Router.php(737): Illuminate/Routing/Router->dispatchToRoute(Object(Illuminate/Http/Request))
#57 C:/Users/PSHCPU008/Desktop/temple-backend/vendor/laravel/framework/src/Illuminate/Foundation/Http/Kernel.php(200): Illuminate/Routing/Router->dispatch(Object(Illuminate/Http/Request))
#58 C:/Users/PSHCPU008/Desktop/temple-backend/vendor/laravel/framework/src/Illuminate/Pipeline/Pipeline.php(144): Illuminate/Foundation/Http/Kernel->Illuminate/Foundation/Http/{closure}(Object(Illuminate/Http/Request))
#59 C:/Users/PSHCPU008/Desktop/temple-backend/vendor/livewire/livewire/src/DisableBrowserCache.php(19): Illuminate/Pipeline/Pipeline->Illuminate/Pipeline/{closure}(Object(Illuminate/Http/Request))
#60 C:/Users/PSHCPU008/Desktop/temple-backend/vendor/laravel/framework/src/Illuminate/Pipeline/Pipeline.php(183): Livewire/DisableBrowserCache->handle(Object(Illuminate/Http/Request), Object(Closure))
#61 C:/Users/PSHCPU008/Desktop/temple-backend/vendor/laravel/framework/src/Illuminate/Foundation/Http/Middleware/TransformsRequest.php(21): Illuminate/Pipeline/Pipeline->Illuminate/Pipeline/{closure}(Object(Illuminate/Http/Request))
#62 C:/Users/PSHCPU008/Desktop/temple-backend/vendor/laravel/framework/src/Illuminate/Foundation/Http/Middleware/ConvertEmptyStringsToNull.php(31): Illuminate/Foundation/Http/Middleware/TransformsRequest->handle(Object(Illuminate/Http/Request), Object(Closure))
#63 C:/Users/PSHCPU008/Desktop/temple-backend/vendor/laravel/framework/src/Illuminate/Pipeline/Pipeline.php(183): Illuminate/Foundation/Http/Middleware/ConvertEmptyStringsToNull->handle(Object(Illuminate/Http/Request), Object(Closure))
#64 C:/Users/PSHCPU008/Desktop/temple-backend/vendor/laravel/framework/src/Illuminate/Foundation/Http/Middleware/TransformsRequest.php(21): Illuminate/Pipeline/Pipeline->Illuminate/Pipeline/{closure}(Object(Illuminate/Http/Request))
#65 C:/Users/PSHCPU008/Desktop/temple-backend/vendor/laravel/framework/src/Illuminate/Foundation/Http/Middleware/TrimStrings.php(40): Illuminate/Foundation/Http/Middleware/TransformsRequest->handle(Object(Illuminate/Http/Request), Object(Closure))
#66 C:/Users/PSHCPU008/Desktop/temple-backend/vendor/laravel/framework/src/Illuminate/Pipeline/Pipeline.php(183): Illuminate/Foundation/Http/Middleware/TrimStrings->handle(Object(Illuminate/Http/Request), Object(Closure))
#67 C:/Users/PSHCPU008/Desktop/temple-backend/vendor/laravel/framework/src/Illuminate/Foundation/Http/Middleware/ValidatePostSize.php(27): Illuminate/Pipeline/Pipeline->Illuminate/Pipeline/{closure}(Object(Illuminate/Http/Request))
#68 C:/Users/PSHCPU008/Desktop/temple-backend/vendor/laravel/framework/src/Illuminate/Pipeline/Pipeline.php(183): Illuminate/Foundation/Http/Middleware/ValidatePostSize->handle(Object(Illuminate/Http/Request), Object(Closure))
#69 C:/Users/PSHCPU008/Desktop/temple-backend/vendor/laravel/framework/src/Illuminate/Foundation/Http/Middleware/PreventRequestsDuringMaintenance.php(99): Illuminate/Pipeline/Pipeline->Illuminate/Pipeline/{closure}(Object(Illuminate/Http/Request))
#70 C:/Users/PSHCPU008/Desktop/temple-backend/vendor/laravel/framework/src/Illuminate/Pipeline/Pipeline.php(183): Illuminate/Foundation/Http/Middleware/PreventRequestsDuringMaintenance->handle(Object(Illuminate/Http/Request), Object(Closure))
#71 C:/Users/PSHCPU008/Desktop/temple-backend/vendor/laravel/framework/src/Illuminate/Http/Middleware/HandleCors.php(49): Illuminate/Pipeline/Pipeline->Illuminate/Pipeline/{closure}(Object(Illuminate/Http/Request))
#72 C:/Users/PSHCPU008/Desktop/temple-backend/vendor/laravel/framework/src/Illuminate/Pipeline/Pipeline.php(183): Illuminate/Http/Middleware/HandleCors->handle(Object(Illuminate/Http/Request), Object(Closure))
#73 C:/Users/PSHCPU008/Desktop/temple-backend/vendor/laravel/framework/src/Illuminate/Http/Middleware/TrustProxies.php(39): Illuminate/Pipeline/Pipeline->Illuminate/Pipeline/{closure}(Object(Illuminate/Http/Request))
#74 C:/Users/PSHCPU008/Desktop/temple-backend/vendor/laravel/framework/src/Illuminate/Pipeline/Pipeline.php(183): Illuminate/Http/Middleware/TrustProxies->handle(Object(Illuminate/Http/Request), Object(Closure))
#75 C:/Users/PSHCPU008/Desktop/temple-backend/vendor/laravel/framework/src/Illuminate/Pipeline/Pipeline.php(119): Illuminate/Pipeline/Pipeline->Illuminate/Pipeline/{closure}(Object(Illuminate/Http/Request))
#76 C:/Users/PSHCPU008/Desktop/temple-backend/vendor/laravel/framework/src/Illuminate/Foundation/Http/Kernel.php(175): Illuminate/Pipeline/Pipeline->then(Object(Closure))
#77 C:/Users/PSHCPU008/Desktop/temple-backend/vendor/laravel/framework/src/Illuminate/Foundation/Http/Kernel.php(144): Illuminate/Foundation/Http/Kernel->sendRequestThroughRouter(Object(Illuminate/Http/Request))
#78 C:/Users/PSHCPU008/Desktop/temple-backend/public/index.php(51): Illuminate/Foundation/Http/Kernel->handle(Object(Illuminate/Http/Request))
#79 C:/Users/PSHCPU008/Desktop/temple-backend/vendor/laravel/framework/src/Illuminate/Foundation/resources/server.php(16): require_once('C://Users//PSHCPU...')
#80 {main}
"} 
[2026-09-15 16:19:26] local.ERROR: View [common.livewire-tables.mobile-toggle] not found. {"view":{"view":"C:\\Users\\PSHCPU008\\Desktop\\temple-backend\\vendor\\rappasoft\\laravel-livewire-tables\\resources\\views\\datatable.blade.php","data":{"errors":"<pre class=sf-dump id=sf-dump-1173822672 data-indent-pad=\"  \"><span class=sf-dump-note>Illuminate\\Support\\ViewErrorBag</span> {<a class=sf-dump-ref>#2080</a><samp data-depth=1 class=sf-dump-expanded>
  #<span class=sf-dump-protected title=\"Protected property\">bags</span>: []
</samp>}
</pre><script>Sfdump(\"sf-dump-1173822672\", {\"maxDepth\":3,\"maxStringLength\":160})</script>
","config":"<pre class=sf-dump id=sf-dump-2055995800 data-indent-pad=\"  \"><span class=sf-dump-note>InfyOm\\Generator\\Common\\GeneratorConfig</span> {<a class=sf-dump-ref>#2120</a><samp data-depth=1 class=sf-dump-expanded>
  +<span class=sf-dump-public title=\"Public property\">namespaces</span>: <span class=sf-dump-const title=\"Uninitialized property\">? InfyOm\\Generator\\DTOs\\GeneratorNamespaces</span>
  +<span class=sf-dump-public title=\"Public property\">paths</span>: <span class=sf-dump-const title=\"Uninitialized property\">? InfyOm\\Generator\\DTOs\\GeneratorPaths</span>
  +<span class=sf-dump-public title=\"Public property\">modelNames</span>: <span class=sf-dump-const title=\"Uninitialized property\">? InfyOm\\Generator\\DTOs\\ModelNames</span>
  +<span class=sf-dump-public title=\"Public property\">prefixes</span>: <span class=sf-dump-const title=\"Uninitialized property\">? InfyOm\\Generator\\DTOs\\GeneratorPrefixes</span>
  +<span class=sf-dump-public title=\"Public property\">options</span>: <span class=sf-dump-const title=\"Uninitialized property\">? InfyOm\\Generator\\DTOs\\GeneratorOptions</span>
  +<span class=sf-dump-public title=\"Public property\">command</span>: <span class=sf-dump-const title=\"Uninitialized property\">? Illuminate\\Console\\Command</span>
  +<span class=sf-dump-public title=\"Public property\">fields</span>: []
  +<span class=sf-dump-public title=\"Public property\">relations</span>: []
  +<span class=sf-dump-public title=\"Public property\">tableName</span>: <span class=sf-dump-const>null</span>
  +<span class=sf-dump-public title=\"Public property\">tableType</span>: <span class=sf-dump-const title=\"Uninitialized property\">? string</span>
  +<span class=sf-dump-public title=\"Public property\">apiPrefix</span>: <span class=sf-dump-const title=\"Uninitialized property\">? string</span>
  +<span class=sf-dump-public title=\"Public property\">primaryName</span>: <span class=sf-dump-const>null</span>
  +<span class=sf-dump-public title=\"Public property\">connection</span>: <span class=sf-dump-const>null</span>
</samp>}
</pre><script>Sfdump(\"sf-dump-2055995800\", {\"maxDepth\":3,\"maxStringLength\":160})</script>
"}},"userId":1,"exception":"[object] (Spatie\\LaravelIgnition\\Exceptions\\ViewException(code: 0): View [common.livewire-tables.mobile-toggle] not found. at C:/Users/PSHCPU008/Desktop/temple-backend/vendor/laravel/framework/src/Illuminate/View/FileViewFinder.php:137)
[stacktrace]
#0 C:/Users/PSHCPU008/Desktop/temple-backend/vendor/laravel/framework/src/Illuminate/View/FileViewFinder.php(79): Illuminate/View/FileViewFinder->findInPaths('common.livewire...', Array)
#1 C:/Users/PSHCPU008/Desktop/temple-backend/vendor/laravel/framework/src/Illuminate/View/Factory.php(137): Illuminate/View/FileViewFinder->find('common.livewire...')
#2 C:/Users/PSHCPU008/Desktop/temple-backend/vendor/laravel/framework/src/Illuminate/Foundation/helpers.php(1020): Illuminate/View/Factory->make('common.livewire...', Array, Array)
#3 C:/Users/PSHCPU008/Desktop/temple-backend/app/Http/Livewire/PujasTable.php(66): view('common.livewire...', Array)
#4 [internal function]: App/Http/Livewire/PujasTable->App/Http/Livewire/{closure}(0, Object(App/Models/Puja), Object(Rappasoft/LaravelLivewireTables/Views/Column))
#5 C:/Users/PSHCPU008/Desktop/temple-backend/vendor/rappasoft/laravel-livewire-tables/src/Views/Traits/Helpers/ColumnHelpers.php(125): call_user_func(Object(Closure), 0, Object(App/Models/Puja), Object(Rappasoft/LaravelLivewireTables/Views/Column))
#6 C:/Users/PSHCPU008/Desktop/temple-backend/vendor/rappasoft/laravel-livewire-tables/src/Views/Traits/Helpers/ColumnHelpers.php(106): Rappasoft/LaravelLivewireTables/Views/Column->getContents(Object(App/Models/Puja))
#7 C:/Users/PSHCPU008/Desktop/temple-backend/vendor/rappasoft/laravel-livewire-tables/resources/views/datatable.blade.php(45): Rappasoft/LaravelLivewireTables/Views/Column->renderContents(Object(App/Models/Puja))
#8 C:/Users/PSHCPU008/Desktop/temple-backend/vendor/livewire/livewire/src/ComponentConcerns/RendersLivewireComponents.php(83): include('C://Users//PSHCPU...')
#9 C:/Users/PSHCPU008/Desktop/temple-backend/vendor/livewire/livewire/src/ComponentConcerns/RendersLivewireComponents.php(84): App/Http/Livewire/PujasTable->Livewire/ComponentConcerns/{closure}()
#10 C:/Users/PSHCPU008/Desktop/temple-backend/vendor/livewire/livewire/src/ComponentConcerns/RendersLivewireComponents.php(59): Livewire/LivewireViewCompilerEngine->evaluatePath('C://Users//PSHCPU...', Array)
#11 C:/Users/PSHCPU008/Desktop/temple-backend/vendor/laravel/framework/src/Illuminate/View/View.php(207): Livewire/LivewireViewCompilerEngine->get('C://Users//PSHCPU...', Array)
#12 C:/Users/PSHCPU008/Desktop/temple-backend/vendor/laravel/framework/src/Illuminate/View/View.php(190): Illuminate/View/View->getContents()
#13 C:/Users/PSHCPU008/Desktop/temple-backend/vendor/laravel/framework/src/Illuminate/View/View.php(159): Illuminate/View/View->renderContents()
#14 C:/Users/PSHCPU008/Desktop/temple-backend/vendor/livewire/livewire/src/Component.php(235): Illuminate/View/View->render()
#15 C:/Users/PSHCPU008/Desktop/temple-backend/vendor/livewire/livewire/src/HydrationMiddleware/RenderView.php(14): Livewire/Component->output()
#16 C:/Users/PSHCPU008/Desktop/temple-backend/vendor/livewire/livewire/src/LifecycleManager.php(141): Livewire/HydrationMiddleware/RenderView::dehydrate(Object(App/Http/Livewire/PujasTable), Object(Livewire/Response))
#17 C:/Users/PSHCPU008/Desktop/temple-backend/vendor/livewire/livewire/src/LivewireManager.php(132): Livewire/LifecycleManager->initialDehydrate()
#18 C:/Users/PSHCPU008/Desktop/temple-backend/vendor/laravel/framework/src/Illuminate/Support/Facades/Facade.php(355): Livewire/LivewireManager->mount('pujas-table', Array)
#19 C:/Users/PSHCPU008/Desktop/temple-backend/resources/views/pujas/index.blade.php(26): Illuminate/Support/Facades/Facade::__callStatic('mount', Array)
#20 C:/Users/PSHCPU008/Desktop/temple-backend/vendor/laravel/framework/src/Illuminate/Filesystem/Filesystem.php(123): require('C://Users//PSHCPU...')
#21 C:/Users/PSHCPU008/Desktop/temple-backend/vendor/laravel/framework/src/Illuminate/Filesystem/Filesystem.php(124): Illuminate/Filesystem/Filesystem::Illuminate/Filesystem/{closure}()
#22 C:/Users/PSHCPU008/Desktop/temple-backend/vendor/laravel/framework/src/Illuminate/View/Engines/PhpEngine.php(58): Illuminate/Filesystem/Filesystem->getRequire('C://Users//PSHCPU...', Array)
#23 C:/Users/PSHCPU008/Desktop/temple-backend/vendor/livewire/livewire/src/ComponentConcerns/RendersLivewireComponents.php(69): Illuminate/View/Engines/PhpEngine->evaluatePath('C://Users//PSHCPU...', Array)
#24 C:/Users/PSHCPU008/Desktop/temple-backend/vendor/laravel/framework/src/Illuminate/View/Engines/CompilerEngine.php(72): Livewire/LivewireViewCompilerEngine->evaluatePath('C://Users//PSHCPU...', Array)
#25 C:/Users/PSHCPU008/Desktop/temple-backend/vendor/livewire/livewire/src/ComponentConcerns/RendersLivewireComponents.php(35): Illuminate/View/Engines/CompilerEngine->get('C://Users//PSHCPU...', Array)
#26 C:/Users/PSHCPU008/Desktop/temple-backend/vendor/laravel/framework/src/Illuminate/View/View.php(207): Livewire/LivewireViewCompilerEngine->get('C://Users//PSHCPU...', Array)
#27 C:/Users/PSHCPU008/Desktop/temple-backend/vendor/laravel/framework/src/Illuminate/View/View.php(190): Illuminate/View/View->getContents()
#28 C:/Users/PSHCPU008/Desktop/temple-backend/vendor/laravel/framework/src/Illuminate/View/View.php(159): Illuminate/View/View->renderContents()
#29 C:/Users/PSHCPU008/Desktop/temple-backend/vendor/laravel/framework/src/Illuminate/Http/Response.php(69): Illuminate/View/View->render()
#30 C:/Users/PSHCPU008/Desktop/temple-backend/vendor/laravel/framework/src/Illuminate/Http/Response.php(35): Illuminate/Http/Response->setContent(Object(Illuminate/View/View))
#31 C:/Users/PSHCPU008/Desktop/temple-backend/vendor/laravel/framework/src/Illuminate/Routing/Router.php(918): Illuminate/Http/Response->__construct(Object(Illuminate/View/View), 200, Array)
#32 C:/Users/PSHCPU008/Desktop/temple-backend/vendor/laravel/framework/src/Illuminate/Routing/Router.php(885): Illuminate/Routing/Router::toResponse(Object(Illuminate/Http/Request), Object(Illuminate/View/View))
#33 C:/Users/PSHCPU008/Desktop/temple-backend/vendor/laravel/framework/src/Illuminate/Routing/Router.php(805): Illuminate/Routing/Router->prepareResponse(Object(Illuminate/Http/Request), Object(Illuminate/View/View))
#34 C:/Users/PSHCPU008/Desktop/temple-backend/vendor/laravel/framework/src/Illuminate/Pipeline/Pipeline.php(144): Illuminate/Routing/Router->Illuminate/Routing/{closure}(Object(Illuminate/Http/Request))
#35 C:/Users/PSHCPU008/Desktop/temple-backend/vendor/spatie/laravel-permission/src/Middlewares/RoleOrPermissionMiddleware.php(26): Illuminate/Pipeline/Pipeline->Illuminate/Pipeline/{closure}(Object(Illuminate/Http/Request))
#36 C:/Users/PSHCPU008/Desktop/temple-backend/vendor/laravel/framework/src/Illuminate/Pipeline/Pipeline.php(183): Spatie/Permission/Middlewares/RoleOrPermissionMiddleware->handle(Object(Illuminate/Http/Request), Object(Closure), 'view-pujas')
#37 C:/Users/PSHCPU008/Desktop/temple-backend/vendor/laravel/framework/src/Illuminate/Routing/Middleware/SubstituteBindings.php(50): Illuminate/Pipeline/Pipeline->Illuminate/Pipeline/{closure}(Object(Illuminate/Http/Request))
#38 C:/Users/PSHCPU008/Desktop/temple-backend/vendor/laravel/framework/src/Illuminate/Pipeline/Pipeline.php(183): Illuminate/Routing/Middleware/SubstituteBindings->handle(Object(Illuminate/Http/Request), Object(Closure))
#39 C:/Users/PSHCPU008/Desktop/temple-backend/vendor/laravel/framework/src/Illuminate/Auth/Middleware/Authenticate.php(57): Illuminate/Pipeline/Pipeline->Illuminate/Pipeline/{closure}(Object(Illuminate/Http/Request))
#40 C:/Users/PSHCPU008/Desktop/temple-backend/vendor/laravel/framework/src/Illuminate/Pipeline/Pipeline.php(183): Illuminate/Auth/Middleware/Authenticate->handle(Object(Illuminate/Http/Request), Object(Closure))
#41 C:/Users/PSHCPU008/Desktop/temple-backend/vendor/laravel/framework/src/Illuminate/Foundation/Http/Middleware/VerifyCsrfToken.php(78): Illuminate/Pipeline/Pipeline->Illuminate/Pipeline/{closure}(Object(Illuminate/Http/Request))
#42 C:/Users/PSHCPU008/Desktop/temple-backend/vendor/laravel/framework/src/Illuminate/Pipeline/Pipeline.php(183): Illuminate/Foundation/Http/Middleware/VerifyCsrfToken->handle(Object(Illuminate/Http/Request), Object(Closure))
#43 C:/Users/PSHCPU008/Desktop/temple-backend/vendor/laravel/framework/src/Illuminate/View/Middleware/ShareErrorsFromSession.php(49): Illuminate/Pipeline/Pipeline->Illuminate/Pipeline/{closure}(Object(Illuminate/Http/Request))
#44 C:/Users/PSHCPU008/Desktop/temple-backend/vendor/laravel/framework/src/Illuminate/Pipeline/Pipeline.php(183): Illuminate/View/Middleware/ShareErrorsFromSession->handle(Object(Illuminate/Http/Request), Object(Closure))
#45 C:/Users/PSHCPU008/Desktop/temple-backend/vendor/laravel/framework/src/Illuminate/Session/Middleware/StartSession.php(121): Illuminate/Pipeline/Pipeline->Illuminate/Pipeline/{closure}(Object(Illuminate/Http/Request))
#46 C:/Users/PSHCPU008/Desktop/temple-backend/vendor/laravel/framework/src/Illuminate/Session/Middleware/StartSession.php(64): Illuminate/Session/Middleware/StartSession->handleStatefulRequest(Object(Illuminate/Http/Request), Object(Illuminate/Session/Store), Object(Closure))
#47 C:/Users/PSHCPU008/Desktop/temple-backend/vendor/laravel/framework/src/Illuminate/Pipeline/Pipeline.php(183): Illuminate/Session/Middleware/StartSession->handle(Object(Illuminate/Http/Request), Object(Closure))
#48 C:/Users/PSHCPU008/Desktop/temple-backend/vendor/laravel/framework/src/Illuminate/Cookie/Middleware/AddQueuedCookiesToResponse.php(37): Illuminate/Pipeline/Pipeline->Illuminate/Pipeline/{closure}(Object(Illuminate/Http/Request))
#49 C:/Users/PSHCPU008/Desktop/temple-backend/vendor/laravel/framework/src/Illuminate/Pipeline/Pipeline.php(183): Illuminate/Cookie/Middleware/AddQueuedCookiesToResponse->handle(Object(Illuminate/Http/Request), Object(Closure))
#50 C:/Users/PSHCPU008/Desktop/temple-backend/vendor/laravel/framework/src/Illuminate/Cookie/Middleware/EncryptCookies.php(67): Illuminate/Pipeline/Pipeline->Illuminate/Pipeline/{closure}(Object(Illuminate/Http/Request))
#51 C:/Users/PSHCPU008/Desktop/temple-backend/vendor/laravel/framework/src/Illuminate/Pipeline/Pipeline.php(183): Illuminate/Cookie/Middleware/EncryptCookies->handle(Object(Illuminate/Http/Request), Object(Closure))
#52 C:/Users/PSHCPU008/Desktop/temple-backend/vendor/laravel/framework/src/Illuminate/Pipeline/Pipeline.php(119): Illuminate/Pipeline/Pipeline->Illuminate/Pipeline/{closure}(Object(Illuminate/Http/Request))
#53 C:/Users/PSHCPU008/Desktop/temple-backend/vendor/laravel/framework/src/Illuminate/Routing/Router.php(805): Illuminate/Pipeline/Pipeline->then(Object(Closure))
#54 C:/Users/PSHCPU008/Desktop/temple-backend/vendor/laravel/framework/src/Illuminate/Routing/Router.php(784): Illuminate/Routing/Router->runRouteWithinStack(Object(Illuminate/Routing/Route), Object(Illuminate/Http/Request))
#55 C:/Users/PSHCPU008/Desktop/temple-backend/vendor/laravel/framework/src/Illuminate/Routing/Router.php(748): Illuminate/Routing/Router->runRoute(Object(Illuminate/Http/Request), Object(Illuminate/Routing/Route))
#56 C:/Users/PSHCPU008/Desktop/temple-backend/vendor/laravel/framework/src/Illuminate/Routing/Router.php(737): Illuminate/Routing/Router->dispatchToRoute(Object(Illuminate/Http/Request))
#57 C:/Users/PSHCPU008/Desktop/temple-backend/vendor/laravel/framework/src/Illuminate/Foundation/Http/Kernel.php(200): Illuminate/Routing/Router->dispatch(Object(Illuminate/Http/Request))
#58 C:/Users/PSHCPU008/Desktop/temple-backend/vendor/laravel/framework/src/Illuminate/Pipeline/Pipeline.php(144): Illuminate/Foundation/Http/Kernel->Illuminate/Foundation/Http/{closure}(Object(Illuminate/Http/Request))
#59 C:/Users/PSHCPU008/Desktop/temple-backend/vendor/livewire/livewire/src/DisableBrowserCache.php(19): Illuminate/Pipeline/Pipeline->Illuminate/Pipeline/{closure}(Object(Illuminate/Http/Request))
#60 C:/Users/PSHCPU008/Desktop/temple-backend/vendor/laravel/framework/src/Illuminate/Pipeline/Pipeline.php(183): Livewire/DisableBrowserCache->handle(Object(Illuminate/Http/Request), Object(Closure))
#61 C:/Users/PSHCPU008/Desktop/temple-backend/vendor/laravel/framework/src/Illuminate/Foundation/Http/Middleware/TransformsRequest.php(21): Illuminate/Pipeline/Pipeline->Illuminate/Pipeline/{closure}(Object(Illuminate/Http/Request))
#62 C:/Users/PSHCPU008/Desktop/temple-backend/vendor/laravel/framework/src/Illuminate/Foundation/Http/Middleware/ConvertEmptyStringsToNull.php(31): Illuminate/Foundation/Http/Middleware/TransformsRequest->handle(Object(Illuminate/Http/Request), Object(Closure))
#63 C:/Users/PSHCPU008/Desktop/temple-backend/vendor/laravel/framework/src/Illuminate/Pipeline/Pipeline.php(183): Illuminate/Foundation/Http/Middleware/ConvertEmptyStringsToNull->handle(Object(Illuminate/Http/Request), Object(Closure))
#64 C:/Users/PSHCPU008/Desktop/temple-backend/vendor/laravel/framework/src/Illuminate/Foundation/Http/Middleware/TransformsRequest.php(21): Illuminate/Pipeline/Pipeline->Illuminate/Pipeline/{closure}(Object(Illuminate/Http/Request))
#65 C:/Users/PSHCPU008/Desktop/temple-backend/vendor/laravel/framework/src/Illuminate/Foundation/Http/Middleware/TrimStrings.php(40): Illuminate/Foundation/Http/Middleware/TransformsRequest->handle(Object(Illuminate/Http/Request), Object(Closure))
#66 C:/Users/PSHCPU008/Desktop/temple-backend/vendor/laravel/framework/src/Illuminate/Pipeline/Pipeline.php(183): Illuminate/Foundation/Http/Middleware/TrimStrings->handle(Object(Illuminate/Http/Request), Object(Closure))
#67 C:/Users/PSHCPU008/Desktop/temple-backend/vendor/laravel/framework/src/Illuminate/Foundation/Http/Middleware/ValidatePostSize.php(27): Illuminate/Pipeline/Pipeline->Illuminate/Pipeline/{closure}(Object(Illuminate/Http/Request))
#68 C:/Users/PSHCPU008/Desktop/temple-backend/vendor/laravel/framework/src/Illuminate/Pipeline/Pipeline.php(183): Illuminate/Foundation/Http/Middleware/ValidatePostSize->handle(Object(Illuminate/Http/Request), Object(Closure))
#69 C:/Users/PSHCPU008/Desktop/temple-backend/vendor/laravel/framework/src/Illuminate/Foundation/Http/Middleware/PreventRequestsDuringMaintenance.php(99): Illuminate/Pipeline/Pipeline->Illuminate/Pipeline/{closure}(Object(Illuminate/Http/Request))
#70 C:/Users/PSHCPU008/Desktop/temple-backend/vendor/laravel/framework/src/Illuminate/Pipeline/Pipeline.php(183): Illuminate/Foundation/Http/Middleware/PreventRequestsDuringMaintenance->handle(Object(Illuminate/Http/Request), Object(Closure))
#71 C:/Users/PSHCPU008/Desktop/temple-backend/vendor/laravel/framework/src/Illuminate/Http/Middleware/HandleCors.php(49): Illuminate/Pipeline/Pipeline->Illuminate/Pipeline/{closure}(Object(Illuminate/Http/Request))
#72 C:/Users/PSHCPU008/Desktop/temple-backend/vendor/laravel/framework/src/Illuminate/Pipeline/Pipeline.php(183): Illuminate/Http/Middleware/HandleCors->handle(Object(Illuminate/Http/Request), Object(Closure))
#73 C:/Users/PSHCPU008/Desktop/temple-backend/vendor/laravel/framework/src/Illuminate/Http/Middleware/TrustProxies.php(39): Illuminate/Pipeline/Pipeline->Illuminate/Pipeline/{closure}(Object(Illuminate/Http/Request))
#74 C:/Users/PSHCPU008/Desktop/temple-backend/vendor/laravel/framework/src/Illuminate/Pipeline/Pipeline.php(183): Illuminate/Http/Middleware/TrustProxies->handle(Object(Illuminate/Http/Request), Object(Closure))
#75 C:/Users/PSHCPU008/Desktop/temple-backend/vendor/laravel/framework/src/Illuminate/Pipeline/Pipeline.php(119): Illuminate/Pipeline/Pipeline->Illuminate/Pipeline/{closure}(Object(Illuminate/Http/Request))
#76 C:/Users/PSHCPU008/Desktop/temple-backend/vendor/laravel/framework/src/Illuminate/Foundation/Http/Kernel.php(175): Illuminate/Pipeline/Pipeline->then(Object(Closure))
#77 C:/Users/PSHCPU008/Desktop/temple-backend/vendor/laravel/framework/src/Illuminate/Foundation/Http/Kernel.php(144): Illuminate/Foundation/Http/Kernel->sendRequestThroughRouter(Object(Illuminate/Http/Request))
#78 C:/Users/PSHCPU008/Desktop/temple-backend/public/index.php(51): Illuminate/Foundation/Http/Kernel->handle(Object(Illuminate/Http/Request))
#79 C:/Users/PSHCPU008/Desktop/temple-backend/vendor/laravel/framework/src/Illuminate/Foundation/resources/server.php(16): require_once('C://Users//PSHCPU...')
#80 {main}

[previous exception] [object] (InvalidArgumentException(code: 0): View [common.livewire-tables.mobile-toggle] not found. at C:/Users/PSHCPU008/Desktop/temple-backend/vendor/laravel/framework/src/Illuminate/View/FileViewFinder.php:137)
[stacktrace]
#0 C:/Users/PSHCPU008/Desktop/temple-backend/vendor/laravel/framework/src/Illuminate/View/FileViewFinder.php(79): Illuminate/View/FileViewFinder->findInPaths('common.livewire...', Array)
#1 C:/Users/PSHCPU008/Desktop/temple-backend/vendor/laravel/framework/src/Illuminate/View/Factory.php(137): Illuminate/View/FileViewFinder->find('common.livewire...')
#2 C:/Users/PSHCPU008/Desktop/temple-backend/vendor/laravel/framework/src/Illuminate/Foundation/helpers.php(1020): Illuminate/View/Factory->make('common.livewire...', Array, Array)
#3 C:/Users/PSHCPU008/Desktop/temple-backend/app/Http/Livewire/PujasTable.php(66): view('common.livewire...', Array)
#4 [internal function]: App/Http/Livewire/PujasTable->App/Http/Livewire/{closure}(0, Object(App/Models/Puja), Object(Rappasoft/LaravelLivewireTables/Views/Column))
#5 C:/Users/PSHCPU008/Desktop/temple-backend/vendor/rappasoft/laravel-livewire-tables/src/Views/Traits/Helpers/ColumnHelpers.php(125): call_user_func(Object(Closure), 0, Object(App/Models/Puja), Object(Rappasoft/LaravelLivewireTables/Views/Column))
#6 C:/Users/PSHCPU008/Desktop/temple-backend/vendor/rappasoft/laravel-livewire-tables/src/Views/Traits/Helpers/ColumnHelpers.php(106): Rappasoft/LaravelLivewireTables/Views/Column->getContents(Object(App/Models/Puja))
#7 C:/Users/PSHCPU008/Desktop/temple-backend/storage/framework/views/e975280bd8ff53ebb2c9d3487918f41a.php(327): Rappasoft/LaravelLivewireTables/Views/Column->renderContents(Object(App/Models/Puja))
#8 C:/Users/PSHCPU008/Desktop/temple-backend/vendor/livewire/livewire/src/ComponentConcerns/RendersLivewireComponents.php(83): include('C://Users//PSHCPU...')
#9 C:/Users/PSHCPU008/Desktop/temple-backend/vendor/livewire/livewire/src/ComponentConcerns/RendersLivewireComponents.php(84): App/Http/Livewire/PujasTable->Livewire/ComponentConcerns/{closure}()
#10 C:/Users/PSHCPU008/Desktop/temple-backend/vendor/livewire/livewire/src/ComponentConcerns/RendersLivewireComponents.php(59): Livewire/LivewireViewCompilerEngine->evaluatePath('C://Users//PSHCPU...', Array)
#11 C:/Users/PSHCPU008/Desktop/temple-backend/vendor/laravel/framework/src/Illuminate/View/View.php(207): Livewire/LivewireViewCompilerEngine->get('C://Users//PSHCPU...', Array)
#12 C:/Users/PSHCPU008/Desktop/temple-backend/vendor/laravel/framework/src/Illuminate/View/View.php(190): Illuminate/View/View->getContents()
#13 C:/Users/PSHCPU008/Desktop/temple-backend/vendor/laravel/framework/src/Illuminate/View/View.php(159): Illuminate/View/View->renderContents()
#14 C:/Users/PSHCPU008/Desktop/temple-backend/vendor/livewire/livewire/src/Component.php(235): Illuminate/View/View->render()
#15 C:/Users/PSHCPU008/Desktop/temple-backend/vendor/livewire/livewire/src/HydrationMiddleware/RenderView.php(14): Livewire/Component->output()
#16 C:/Users/PSHCPU008/Desktop/temple-backend/vendor/livewire/livewire/src/LifecycleManager.php(141): Livewire/HydrationMiddleware/RenderView::dehydrate(Object(App/Http/Livewire/PujasTable), Object(Livewire/Response))
#17 C:/Users/PSHCPU008/Desktop/temple-backend/vendor/livewire/livewire/src/LivewireManager.php(132): Livewire/LifecycleManager->initialDehydrate()
#18 C:/Users/PSHCPU008/Desktop/temple-backend/vendor/laravel/framework/src/Illuminate/Support/Facades/Facade.php(355): Livewire/LivewireManager->mount('pujas-table', Array)
#19 C:/Users/PSHCPU008/Desktop/temple-backend/storage/framework/views/c59457ef966edc6a302c87e2d0e95dc6.php(26): Illuminate/Support/Facades/Facade::__callStatic('mount', Array)
#20 C:/Users/PSHCPU008/Desktop/temple-backend/vendor/laravel/framework/src/Illuminate/Filesystem/Filesystem.php(123): require('C://Users//PSHCPU...')
#21 C:/Users/PSHCPU008/Desktop/temple-backend/vendor/laravel/framework/src/Illuminate/Filesystem/Filesystem.php(124): Illuminate/Filesystem/Filesystem::Illuminate/Filesystem/{closure}()
#22 C:/Users/PSHCPU008/Desktop/temple-backend/vendor/laravel/framework/src/Illuminate/View/Engines/PhpEngine.php(58): Illuminate/Filesystem/Filesystem->getRequire('C://Users//PSHCPU...', Array)
#23 C:/Users/PSHCPU008/Desktop/temple-backend/vendor/livewire/livewire/src/ComponentConcerns/RendersLivewireComponents.php(69): Illuminate/View/Engines/PhpEngine->evaluatePath('C://Users//PSHCPU...', Array)
#24 C:/Users/PSHCPU008/Desktop/temple-backend/vendor/laravel/framework/src/Illuminate/View/Engines/CompilerEngine.php(72): Livewire/LivewireViewCompilerEngine->evaluatePath('C://Users//PSHCPU...', Array)
#25 C:/Users/PSHCPU008/Desktop/temple-backend/vendor/livewire/livewire/src/ComponentConcerns/RendersLivewireComponents.php(35): Illuminate/View/Engines/CompilerEngine->get('C://Users//PSHCPU...', Array)
#26 C:/Users/PSHCPU008/Desktop/temple-backend/vendor/laravel/framework/src/Illuminate/View/View.php(207): Livewire/LivewireViewCompilerEngine->get('C://Users//PSHCPU...', Array)
#27 C:/Users/PSHCPU008/Desktop/temple-backend/vendor/laravel/framework/src/Illuminate/View/View.php(190): Illuminate/View/View->getContents()
#28 C:/Users/PSHCPU008/Desktop/temple-backend/vendor/laravel/framework/src/Illuminate/View/View.php(159): Illuminate/View/View->renderContents()
#29 C:/Users/PSHCPU008/Desktop/temple-backend/vendor/laravel/framework/src/Illuminate/Http/Response.php(69): Illuminate/View/View->render()
#30 C:/Users/PSHCPU008/Desktop/temple-backend/vendor/laravel/framework/src/Illuminate/Http/Response.php(35): Illuminate/Http/Response->setContent(Object(Illuminate/View/View))
#31 C:/Users/PSHCPU008/Desktop/temple-backend/vendor/laravel/framework/src/Illuminate/Routing/Router.php(918): Illuminate/Http/Response->__construct(Object(Illuminate/View/View), 200, Array)
#32 C:/Users/PSHCPU008/Desktop/temple-backend/vendor/laravel/framework/src/Illuminate/Routing/Router.php(885): Illuminate/Routing/Router::toResponse(Object(Illuminate/Http/Request), Object(Illuminate/View/View))
#33 C:/Users/PSHCPU008/Desktop/temple-backend/vendor/laravel/framework/src/Illuminate/Routing/Router.php(805): Illuminate/Routing/Router->prepareResponse(Object(Illuminate/Http/Request), Object(Illuminate/View/View))
#34 C:/Users/PSHCPU008/Desktop/temple-backend/vendor/laravel/framework/src/Illuminate/Pipeline/Pipeline.php(144): Illuminate/Routing/Router->Illuminate/Routing/{closure}(Object(Illuminate/Http/Request))
#35 C:/Users/PSHCPU008/Desktop/temple-backend/vendor/spatie/laravel-permission/src/Middlewares/RoleOrPermissionMiddleware.php(26): Illuminate/Pipeline/Pipeline->Illuminate/Pipeline/{closure}(Object(Illuminate/Http/Request))
#36 C:/Users/PSHCPU008/Desktop/temple-backend/vendor/laravel/framework/src/Illuminate/Pipeline/Pipeline.php(183): Spatie/Permission/Middlewares/RoleOrPermissionMiddleware->handle(Object(Illuminate/Http/Request), Object(Closure), 'view-pujas')
#37 C:/Users/PSHCPU008/Desktop/temple-backend/vendor/laravel/framework/src/Illuminate/Routing/Middleware/SubstituteBindings.php(50): Illuminate/Pipeline/Pipeline->Illuminate/Pipeline/{closure}(Object(Illuminate/Http/Request))
#38 C:/Users/PSHCPU008/Desktop/temple-backend/vendor/laravel/framework/src/Illuminate/Pipeline/Pipeline.php(183): Illuminate/Routing/Middleware/SubstituteBindings->handle(Object(Illuminate/Http/Request), Object(Closure))
#39 C:/Users/PSHCPU008/Desktop/temple-backend/vendor/laravel/framework/src/Illuminate/Auth/Middleware/Authenticate.php(57): Illuminate/Pipeline/Pipeline->Illuminate/Pipeline/{closure}(Object(Illuminate/Http/Request))
#40 C:/Users/PSHCPU008/Desktop/temple-backend/vendor/laravel/framework/src/Illuminate/Pipeline/Pipeline.php(183): Illuminate/Auth/Middleware/Authenticate->handle(Object(Illuminate/Http/Request), Object(Closure))
#41 C:/Users/PSHCPU008/Desktop/temple-backend/vendor/laravel/framework/src/Illuminate/Foundation/Http/Middleware/VerifyCsrfToken.php(78): Illuminate/Pipeline/Pipeline->Illuminate/Pipeline/{closure}(Object(Illuminate/Http/Request))
#42 C:/Users/PSHCPU008/Desktop/temple-backend/vendor/laravel/framework/src/Illuminate/Pipeline/Pipeline.php(183): Illuminate/Foundation/Http/Middleware/VerifyCsrfToken->handle(Object(Illuminate/Http/Request), Object(Closure))
#43 C:/Users/PSHCPU008/Desktop/temple-backend/vendor/laravel/framework/src/Illuminate/View/Middleware/ShareErrorsFromSession.php(49): Illuminate/Pipeline/Pipeline->Illuminate/Pipeline/{closure}(Object(Illuminate/Http/Request))
#44 C:/Users/PSHCPU008/Desktop/temple-backend/vendor/laravel/framework/src/Illuminate/Pipeline/Pipeline.php(183): Illuminate/View/Middleware/ShareErrorsFromSession->handle(Object(Illuminate/Http/Request), Object(Closure))
#45 C:/Users/PSHCPU008/Desktop/temple-backend/vendor/laravel/framework/src/Illuminate/Session/Middleware/StartSession.php(121): Illuminate/Pipeline/Pipeline->Illuminate/Pipeline/{closure}(Object(Illuminate/Http/Request))
#46 C:/Users/PSHCPU008/Desktop/temple-backend/vendor/laravel/framework/src/Illuminate/Session/Middleware/StartSession.php(64): Illuminate/Session/Middleware/StartSession->handleStatefulRequest(Object(Illuminate/Http/Request), Object(Illuminate/Session/Store), Object(Closure))
#47 C:/Users/PSHCPU008/Desktop/temple-backend/vendor/laravel/framework/src/Illuminate/Pipeline/Pipeline.php(183): Illuminate/Session/Middleware/StartSession->handle(Object(Illuminate/Http/Request), Object(Closure))
#48 C:/Users/PSHCPU008/Desktop/temple-backend/vendor/laravel/framework/src/Illuminate/Cookie/Middleware/AddQueuedCookiesToResponse.php(37): Illuminate/Pipeline/Pipeline->Illuminate/Pipeline/{closure}(Object(Illuminate/Http/Request))
#49 C:/Users/PSHCPU008/Desktop/temple-backend/vendor/laravel/framework/src/Illuminate/Pipeline/Pipeline.php(183): Illuminate/Cookie/Middleware/AddQueuedCookiesToResponse->handle(Object(Illuminate/Http/Request), Object(Closure))
#50 C:/Users/PSHCPU008/Desktop/temple-backend/vendor/laravel/framework/src/Illuminate/Cookie/Middleware/EncryptCookies.php(67): Illuminate/Pipeline/Pipeline->Illuminate/Pipeline/{closure}(Object(Illuminate/Http/Request))
#51 C:/Users/PSHCPU008/Desktop/temple-backend/vendor/laravel/framework/src/Illuminate/Pipeline/Pipeline.php(183): Illuminate/Cookie/Middleware/EncryptCookies->handle(Object(Illuminate/Http/Request), Object(Closure))
#52 C:/Users/PSHCPU008/Desktop/temple-backend/vendor/laravel/framework/src/Illuminate/Pipeline/Pipeline.php(119): Illuminate/Pipeline/Pipeline->Illuminate/Pipeline/{closure}(Object(Illuminate/Http/Request))
#53 C:/Users/PSHCPU008/Desktop/temple-backend/vendor/laravel/framework/src/Illuminate/Routing/Router.php(805): Illuminate/Pipeline/Pipeline->then(Object(Closure))
#54 C:/Users/PSHCPU008/Desktop/temple-backend/vendor/laravel/framework/src/Illuminate/Routing/Router.php(784): Illuminate/Routing/Router->runRouteWithinStack(Object(Illuminate/Routing/Route), Object(Illuminate/Http/Request))
#55 C:/Users/PSHCPU008/Desktop/temple-backend/vendor/laravel/framework/src/Illuminate/Routing/Router.php(748): Illuminate/Routing/Router->runRoute(Object(Illuminate/Http/Request), Object(Illuminate/Routing/Route))
#56 C:/Users/PSHCPU008/Desktop/temple-backend/vendor/laravel/framework/src/Illuminate/Routing/Router.php(737): Illuminate/Routing/Router->dispatchToRoute(Object(Illuminate/Http/Request))
#57 C:/Users/PSHCPU008/Desktop/temple-backend/vendor/laravel/framework/src/Illuminate/Foundation/Http/Kernel.php(200): Illuminate/Routing/Router->dispatch(Object(Illuminate/Http/Request))
#58 C:/Users/PSHCPU008/Desktop/temple-backend/vendor/laravel/framework/src/Illuminate/Pipeline/Pipeline.php(144): Illuminate/Foundation/Http/Kernel->Illuminate/Foundation/Http/{closure}(Object(Illuminate/Http/Request))
#59 C:/Users/PSHCPU008/Desktop/temple-backend/vendor/livewire/livewire/src/DisableBrowserCache.php(19): Illuminate/Pipeline/Pipeline->Illuminate/Pipeline/{closure}(Object(Illuminate/Http/Request))
#60 C:/Users/PSHCPU008/Desktop/temple-backend/vendor/laravel/framework/src/Illuminate/Pipeline/Pipeline.php(183): Livewire/DisableBrowserCache->handle(Object(Illuminate/Http/Request), Object(Closure))
#61 C:/Users/PSHCPU008/Desktop/temple-backend/vendor/laravel/framework/src/Illuminate/Foundation/Http/Middleware/TransformsRequest.php(21): Illuminate/Pipeline/Pipeline->Illuminate/Pipeline/{closure}(Object(Illuminate/Http/Request))
#62 C:/Users/PSHCPU008/Desktop/temple-backend/vendor/laravel/framework/src/Illuminate/Foundation/Http/Middleware/ConvertEmptyStringsToNull.php(31): Illuminate/Foundation/Http/Middleware/TransformsRequest->handle(Object(Illuminate/Http/Request), Object(Closure))
#63 C:/Users/PSHCPU008/Desktop/temple-backend/vendor/laravel/framework/src/Illuminate/Pipeline/Pipeline.php(183): Illuminate/Foundation/Http/Middleware/ConvertEmptyStringsToNull->handle(Object(Illuminate/Http/Request), Object(Closure))
#64 C:/Users/PSHCPU008/Desktop/temple-backend/vendor/laravel/framework/src/Illuminate/Foundation/Http/Middleware/TransformsRequest.php(21): Illuminate/Pipeline/Pipeline->Illuminate/Pipeline/{closure}(Object(Illuminate/Http/Request))
#65 C:/Users/PSHCPU008/Desktop/temple-backend/vendor/laravel/framework/src/Illuminate/Foundation/Http/Middleware/TrimStrings.php(40): Illuminate/Foundation/Http/Middleware/TransformsRequest->handle(Object(Illuminate/Http/Request), Object(Closure))
#66 C:/Users/PSHCPU008/Desktop/temple-backend/vendor/laravel/framework/src/Illuminate/Pipeline/Pipeline.php(183): Illuminate/Foundation/Http/Middleware/TrimStrings->handle(Object(Illuminate/Http/Request), Object(Closure))
#67 C:/Users/PSHCPU008/Desktop/temple-backend/vendor/laravel/framework/src/Illuminate/Foundation/Http/Middleware/ValidatePostSize.php(27): Illuminate/Pipeline/Pipeline->Illuminate/Pipeline/{closure}(Object(Illuminate/Http/Request))
#68 C:/Users/PSHCPU008/Desktop/temple-backend/vendor/laravel/framework/src/Illuminate/Pipeline/Pipeline.php(183): Illuminate/Foundation/Http/Middleware/ValidatePostSize->handle(Object(Illuminate/Http/Request), Object(Closure))
#69 C:/Users/PSHCPU008/Desktop/temple-backend/vendor/laravel/framework/src/Illuminate/Foundation/Http/Middleware/PreventRequestsDuringMaintenance.php(99): Illuminate/Pipeline/Pipeline->Illuminate/Pipeline/{closure}(Object(Illuminate/Http/Request))
#70 C:/Users/PSHCPU008/Desktop/temple-backend/vendor/laravel/framework/src/Illuminate/Pipeline/Pipeline.php(183): Illuminate/Foundation/Http/Middleware/PreventRequestsDuringMaintenance->handle(Object(Illuminate/Http/Request), Object(Closure))
#71 C:/Users/PSHCPU008/Desktop/temple-backend/vendor/laravel/framework/src/Illuminate/Http/Middleware/HandleCors.php(49): Illuminate/Pipeline/Pipeline->Illuminate/Pipeline/{closure}(Object(Illuminate/Http/Request))
#72 C:/Users/PSHCPU008/Desktop/temple-backend/vendor/laravel/framework/src/Illuminate/Pipeline/Pipeline.php(183): Illuminate/Http/Middleware/HandleCors->handle(Object(Illuminate/Http/Request), Object(Closure))
#73 C:/Users/PSHCPU008/Desktop/temple-backend/vendor/laravel/framework/src/Illuminate/Http/Middleware/TrustProxies.php(39): Illuminate/Pipeline/Pipeline->Illuminate/Pipeline/{closure}(Object(Illuminate/Http/Request))
#74 C:/Users/PSHCPU008/Desktop/temple-backend/vendor/laravel/framework/src/Illuminate/Pipeline/Pipeline.php(183): Illuminate/Http/Middleware/TrustProxies->handle(Object(Illuminate/Http/Request), Object(Closure))
#75 C:/Users/PSHCPU008/Desktop/temple-backend/vendor/laravel/framework/src/Illuminate/Pipeline/Pipeline.php(119): Illuminate/Pipeline/Pipeline->Illuminate/Pipeline/{closure}(Object(Illuminate/Http/Request))
#76 C:/Users/PSHCPU008/Desktop/temple-backend/vendor/laravel/framework/src/Illuminate/Foundation/Http/Kernel.php(175): Illuminate/Pipeline/Pipeline->then(Object(Closure))
#77 C:/Users/PSHCPU008/Desktop/temple-backend/vendor/laravel/framework/src/Illuminate/Foundation/Http/Kernel.php(144): Illuminate/Foundation/Http/Kernel->sendRequestThroughRouter(Object(Illuminate/Http/Request))
#78 C:/Users/PSHCPU008/Desktop/temple-backend/public/index.php(51): Illuminate/Foundation/Http/Kernel->handle(Object(Illuminate/Http/Request))
#79 C:/Users/PSHCPU008/Desktop/temple-backend/vendor/laravel/framework/src/Illuminate/Foundation/resources/server.php(16): require_once('C://Users//PSHCPU...')
#80 {main}
"} 
[2026-09-15 16:19:42] local.ERROR: View [common.livewire-tables.mobile-toggle] not found. {"view":{"view":"C:\\Users\\PSHCPU008\\Desktop\\temple-backend\\vendor\\rappasoft\\laravel-livewire-tables\\resources\\views\\datatable.blade.php","data":{"errors":"<pre class=sf-dump id=sf-dump-1359565953 data-indent-pad=\"  \"><span class=sf-dump-note>Illuminate\\Support\\ViewErrorBag</span> {<a class=sf-dump-ref>#2080</a><samp data-depth=1 class=sf-dump-expanded>
  #<span class=sf-dump-protected title=\"Protected property\">bags</span>: []
</samp>}
</pre><script>Sfdump(\"sf-dump-1359565953\", {\"maxDepth\":3,\"maxStringLength\":160})</script>
","config":"<pre class=sf-dump id=sf-dump-1584435766 data-indent-pad=\"  \"><span class=sf-dump-note>InfyOm\\Generator\\Common\\GeneratorConfig</span> {<a class=sf-dump-ref>#2120</a><samp data-depth=1 class=sf-dump-expanded>
  +<span class=sf-dump-public title=\"Public property\">namespaces</span>: <span class=sf-dump-const title=\"Uninitialized property\">? InfyOm\\Generator\\DTOs\\GeneratorNamespaces</span>
  +<span class=sf-dump-public title=\"Public property\">paths</span>: <span class=sf-dump-const title=\"Uninitialized property\">? InfyOm\\Generator\\DTOs\\GeneratorPaths</span>
  +<span class=sf-dump-public title=\"Public property\">modelNames</span>: <span class=sf-dump-const title=\"Uninitialized property\">? InfyOm\\Generator\\DTOs\\ModelNames</span>
  +<span class=sf-dump-public title=\"Public property\">prefixes</span>: <span class=sf-dump-const title=\"Uninitialized property\">? InfyOm\\Generator\\DTOs\\GeneratorPrefixes</span>
  +<span class=sf-dump-public title=\"Public property\">options</span>: <span class=sf-dump-const title=\"Uninitialized property\">? InfyOm\\Generator\\DTOs\\GeneratorOptions</span>
  +<span class=sf-dump-public title=\"Public property\">command</span>: <span class=sf-dump-const title=\"Uninitialized property\">? Illuminate\\Console\\Command</span>
  +<span class=sf-dump-public title=\"Public property\">fields</span>: []
  +<span class=sf-dump-public title=\"Public property\">relations</span>: []
  +<span class=sf-dump-public title=\"Public property\">tableName</span>: <span class=sf-dump-const>null</span>
  +<span class=sf-dump-public title=\"Public property\">tableType</span>: <span class=sf-dump-const title=\"Uninitialized property\">? string</span>
  +<span class=sf-dump-public title=\"Public property\">apiPrefix</span>: <span class=sf-dump-const title=\"Uninitialized property\">? string</span>
  +<span class=sf-dump-public title=\"Public property\">primaryName</span>: <span class=sf-dump-const>null</span>
  +<span class=sf-dump-public title=\"Public property\">connection</span>: <span class=sf-dump-const>null</span>
</samp>}
</pre><script>Sfdump(\"sf-dump-1584435766\", {\"maxDepth\":3,\"maxStringLength\":160})</script>
"}},"userId":1,"exception":"[object] (Spatie\\LaravelIgnition\\Exceptions\\ViewException(code: 0): View [common.livewire-tables.mobile-toggle] not found. at C:/Users/PSHCPU008/Desktop/temple-backend/vendor/laravel/framework/src/Illuminate/View/FileViewFinder.php:137)
[stacktrace]
#0 C:/Users/PSHCPU008/Desktop/temple-backend/vendor/laravel/framework/src/Illuminate/View/FileViewFinder.php(79): Illuminate/View/FileViewFinder->findInPaths('common.livewire...', Array)
#1 C:/Users/PSHCPU008/Desktop/temple-backend/vendor/laravel/framework/src/Illuminate/View/Factory.php(137): Illuminate/View/FileViewFinder->find('common.livewire...')
#2 C:/Users/PSHCPU008/Desktop/temple-backend/vendor/laravel/framework/src/Illuminate/Foundation/helpers.php(1020): Illuminate/View/Factory->make('common.livewire...', Array, Array)
#3 C:/Users/PSHCPU008/Desktop/temple-backend/app/Http/Livewire/PujasTable.php(66): view('common.livewire...', Array)
#4 [internal function]: App/Http/Livewire/PujasTable->App/Http/Livewire/{closure}(0, Object(App/Models/Puja), Object(Rappasoft/LaravelLivewireTables/Views/Column))
#5 C:/Users/PSHCPU008/Desktop/temple-backend/vendor/rappasoft/laravel-livewire-tables/src/Views/Traits/Helpers/ColumnHelpers.php(125): call_user_func(Object(Closure), 0, Object(App/Models/Puja), Object(Rappasoft/LaravelLivewireTables/Views/Column))
#6 C:/Users/PSHCPU008/Desktop/temple-backend/vendor/rappasoft/laravel-livewire-tables/src/Views/Traits/Helpers/ColumnHelpers.php(106): Rappasoft/LaravelLivewireTables/Views/Column->getContents(Object(App/Models/Puja))
#7 C:/Users/PSHCPU008/Desktop/temple-backend/vendor/rappasoft/laravel-livewire-tables/resources/views/datatable.blade.php(45): Rappasoft/LaravelLivewireTables/Views/Column->renderContents(Object(App/Models/Puja))
#8 C:/Users/PSHCPU008/Desktop/temple-backend/vendor/livewire/livewire/src/ComponentConcerns/RendersLivewireComponents.php(83): include('C://Users//PSHCPU...')
#9 C:/Users/PSHCPU008/Desktop/temple-backend/vendor/livewire/livewire/src/ComponentConcerns/RendersLivewireComponents.php(84): App/Http/Livewire/PujasTable->Livewire/ComponentConcerns/{closure}()
#10 C:/Users/PSHCPU008/Desktop/temple-backend/vendor/livewire/livewire/src/ComponentConcerns/RendersLivewireComponents.php(59): Livewire/LivewireViewCompilerEngine->evaluatePath('C://Users//PSHCPU...', Array)
#11 C:/Users/PSHCPU008/Desktop/temple-backend/vendor/laravel/framework/src/Illuminate/View/View.php(207): Livewire/LivewireViewCompilerEngine->get('C://Users//PSHCPU...', Array)
#12 C:/Users/PSHCPU008/Desktop/temple-backend/vendor/laravel/framework/src/Illuminate/View/View.php(190): Illuminate/View/View->getContents()
#13 C:/Users/PSHCPU008/Desktop/temple-backend/vendor/laravel/framework/src/Illuminate/View/View.php(159): Illuminate/View/View->renderContents()
#14 C:/Users/PSHCPU008/Desktop/temple-backend/vendor/livewire/livewire/src/Component.php(235): Illuminate/View/View->render()
#15 C:/Users/PSHCPU008/Desktop/temple-backend/vendor/livewire/livewire/src/HydrationMiddleware/RenderView.php(14): Livewire/Component->output()
#16 C:/Users/PSHCPU008/Desktop/temple-backend/vendor/livewire/livewire/src/LifecycleManager.php(141): Livewire/HydrationMiddleware/RenderView::dehydrate(Object(App/Http/Livewire/PujasTable), Object(Livewire/Response))
#17 C:/Users/PSHCPU008/Desktop/temple-backend/vendor/livewire/livewire/src/LivewireManager.php(132): Livewire/LifecycleManager->initialDehydrate()
#18 C:/Users/PSHCPU008/Desktop/temple-backend/vendor/laravel/framework/src/Illuminate/Support/Facades/Facade.php(355): Livewire/LivewireManager->mount('pujas-table', Array)
#19 C:/Users/PSHCPU008/Desktop/temple-backend/resources/views/pujas/index.blade.php(26): Illuminate/Support/Facades/Facade::__callStatic('mount', Array)
#20 C:/Users/PSHCPU008/Desktop/temple-backend/vendor/laravel/framework/src/Illuminate/Filesystem/Filesystem.php(123): require('C://Users//PSHCPU...')
#21 C:/Users/PSHCPU008/Desktop/temple-backend/vendor/laravel/framework/src/Illuminate/Filesystem/Filesystem.php(124): Illuminate/Filesystem/Filesystem::Illuminate/Filesystem/{closure}()
#22 C:/Users/PSHCPU008/Desktop/temple-backend/vendor/laravel/framework/src/Illuminate/View/Engines/PhpEngine.php(58): Illuminate/Filesystem/Filesystem->getRequire('C://Users//PSHCPU...', Array)
#23 C:/Users/PSHCPU008/Desktop/temple-backend/vendor/livewire/livewire/src/ComponentConcerns/RendersLivewireComponents.php(69): Illuminate/View/Engines/PhpEngine->evaluatePath('C://Users//PSHCPU...', Array)
#24 C:/Users/PSHCPU008/Desktop/temple-backend/vendor/laravel/framework/src/Illuminate/View/Engines/CompilerEngine.php(72): Livewire/LivewireViewCompilerEngine->evaluatePath('C://Users//PSHCPU...', Array)
#25 C:/Users/PSHCPU008/Desktop/temple-backend/vendor/livewire/livewire/src/ComponentConcerns/RendersLivewireComponents.php(35): Illuminate/View/Engines/CompilerEngine->get('C://Users//PSHCPU...', Array)
#26 C:/Users/PSHCPU008/Desktop/temple-backend/vendor/laravel/framework/src/Illuminate/View/View.php(207): Livewire/LivewireViewCompilerEngine->get('C://Users//PSHCPU...', Array)
#27 C:/Users/PSHCPU008/Desktop/temple-backend/vendor/laravel/framework/src/Illuminate/View/View.php(190): Illuminate/View/View->getContents()
#28 C:/Users/PSHCPU008/Desktop/temple-backend/vendor/laravel/framework/src/Illuminate/View/View.php(159): Illuminate/View/View->renderContents()
#29 C:/Users/PSHCPU008/Desktop/temple-backend/vendor/laravel/framework/src/Illuminate/Http/Response.php(69): Illuminate/View/View->render()
#30 C:/Users/PSHCPU008/Desktop/temple-backend/vendor/laravel/framework/src/Illuminate/Http/Response.php(35): Illuminate/Http/Response->setContent(Object(Illuminate/View/View))
#31 C:/Users/PSHCPU008/Desktop/temple-backend/vendor/laravel/framework/src/Illuminate/Routing/Router.php(918): Illuminate/Http/Response->__construct(Object(Illuminate/View/View), 200, Array)
#32 C:/Users/PSHCPU008/Desktop/temple-backend/vendor/laravel/framework/src/Illuminate/Routing/Router.php(885): Illuminate/Routing/Router::toResponse(Object(Illuminate/Http/Request), Object(Illuminate/View/View))
#33 C:/Users/PSHCPU008/Desktop/temple-backend/vendor/laravel/framework/src/Illuminate/Routing/Router.php(805): Illuminate/Routing/Router->prepareResponse(Object(Illuminate/Http/Request), Object(Illuminate/View/View))
#34 C:/Users/PSHCPU008/Desktop/temple-backend/vendor/laravel/framework/src/Illuminate/Pipeline/Pipeline.php(144): Illuminate/Routing/Router->Illuminate/Routing/{closure}(Object(Illuminate/Http/Request))
#35 C:/Users/PSHCPU008/Desktop/temple-backend/vendor/spatie/laravel-permission/src/Middlewares/RoleOrPermissionMiddleware.php(26): Illuminate/Pipeline/Pipeline->Illuminate/Pipeline/{closure}(Object(Illuminate/Http/Request))
#36 C:/Users/PSHCPU008/Desktop/temple-backend/vendor/laravel/framework/src/Illuminate/Pipeline/Pipeline.php(183): Spatie/Permission/Middlewares/RoleOrPermissionMiddleware->handle(Object(Illuminate/Http/Request), Object(Closure), 'view-pujas')
#37 C:/Users/PSHCPU008/Desktop/temple-backend/vendor/laravel/framework/src/Illuminate/Routing/Middleware/SubstituteBindings.php(50): Illuminate/Pipeline/Pipeline->Illuminate/Pipeline/{closure}(Object(Illuminate/Http/Request))
#38 C:/Users/PSHCPU008/Desktop/temple-backend/vendor/laravel/framework/src/Illuminate/Pipeline/Pipeline.php(183): Illuminate/Routing/Middleware/SubstituteBindings->handle(Object(Illuminate/Http/Request), Object(Closure))
#39 C:/Users/PSHCPU008/Desktop/temple-backend/vendor/laravel/framework/src/Illuminate/Auth/Middleware/Authenticate.php(57): Illuminate/Pipeline/Pipeline->Illuminate/Pipeline/{closure}(Object(Illuminate/Http/Request))
#40 C:/Users/PSHCPU008/Desktop/temple-backend/vendor/laravel/framework/src/Illuminate/Pipeline/Pipeline.php(183): Illuminate/Auth/Middleware/Authenticate->handle(Object(Illuminate/Http/Request), Object(Closure))
#41 C:/Users/PSHCPU008/Desktop/temple-backend/vendor/laravel/framework/src/Illuminate/Foundation/Http/Middleware/VerifyCsrfToken.php(78): Illuminate/Pipeline/Pipeline->Illuminate/Pipeline/{closure}(Object(Illuminate/Http/Request))
#42 C:/Users/PSHCPU008/Desktop/temple-backend/vendor/laravel/framework/src/Illuminate/Pipeline/Pipeline.php(183): Illuminate/Foundation/Http/Middleware/VerifyCsrfToken->handle(Object(Illuminate/Http/Request), Object(Closure))
#43 C:/Users/PSHCPU008/Desktop/temple-backend/vendor/laravel/framework/src/Illuminate/View/Middleware/ShareErrorsFromSession.php(49): Illuminate/Pipeline/Pipeline->Illuminate/Pipeline/{closure}(Object(Illuminate/Http/Request))
#44 C:/Users/PSHCPU008/Desktop/temple-backend/vendor/laravel/framework/src/Illuminate/Pipeline/Pipeline.php(183): Illuminate/View/Middleware/ShareErrorsFromSession->handle(Object(Illuminate/Http/Request), Object(Closure))
#45 C:/Users/PSHCPU008/Desktop/temple-backend/vendor/laravel/framework/src/Illuminate/Session/Middleware/StartSession.php(121): Illuminate/Pipeline/Pipeline->Illuminate/Pipeline/{closure}(Object(Illuminate/Http/Request))
#46 C:/Users/PSHCPU008/Desktop/temple-backend/vendor/laravel/framework/src/Illuminate/Session/Middleware/StartSession.php(64): Illuminate/Session/Middleware/StartSession->handleStatefulRequest(Object(Illuminate/Http/Request), Object(Illuminate/Session/Store), Object(Closure))
#47 C:/Users/PSHCPU008/Desktop/temple-backend/vendor/laravel/framework/src/Illuminate/Pipeline/Pipeline.php(183): Illuminate/Session/Middleware/StartSession->handle(Object(Illuminate/Http/Request), Object(Closure))
#48 C:/Users/PSHCPU008/Desktop/temple-backend/vendor/laravel/framework/src/Illuminate/Cookie/Middleware/AddQueuedCookiesToResponse.php(37): Illuminate/Pipeline/Pipeline->Illuminate/Pipeline/{closure}(Object(Illuminate/Http/Request))
#49 C:/Users/PSHCPU008/Desktop/temple-backend/vendor/laravel/framework/src/Illuminate/Pipeline/Pipeline.php(183): Illuminate/Cookie/Middleware/AddQueuedCookiesToResponse->handle(Object(Illuminate/Http/Request), Object(Closure))
#50 C:/Users/PSHCPU008/Desktop/temple-backend/vendor/laravel/framework/src/Illuminate/Cookie/Middleware/EncryptCookies.php(67): Illuminate/Pipeline/Pipeline->Illuminate/Pipeline/{closure}(Object(Illuminate/Http/Request))
#51 C:/Users/PSHCPU008/Desktop/temple-backend/vendor/laravel/framework/src/Illuminate/Pipeline/Pipeline.php(183): Illuminate/Cookie/Middleware/EncryptCookies->handle(Object(Illuminate/Http/Request), Object(Closure))
#52 C:/Users/PSHCPU008/Desktop/temple-backend/vendor/laravel/framework/src/Illuminate/Pipeline/Pipeline.php(119): Illuminate/Pipeline/Pipeline->Illuminate/Pipeline/{closure}(Object(Illuminate/Http/Request))
#53 C:/Users/PSHCPU008/Desktop/temple-backend/vendor/laravel/framework/src/Illuminate/Routing/Router.php(805): Illuminate/Pipeline/Pipeline->then(Object(Closure))
#54 C:/Users/PSHCPU008/Desktop/temple-backend/vendor/laravel/framework/src/Illuminate/Routing/Router.php(784): Illuminate/Routing/Router->runRouteWithinStack(Object(Illuminate/Routing/Route), Object(Illuminate/Http/Request))
#55 C:/Users/PSHCPU008/Desktop/temple-backend/vendor/laravel/framework/src/Illuminate/Routing/Router.php(748): Illuminate/Routing/Router->runRoute(Object(Illuminate/Http/Request), Object(Illuminate/Routing/Route))
#56 C:/Users/PSHCPU008/Desktop/temple-backend/vendor/laravel/framework/src/Illuminate/Routing/Router.php(737): Illuminate/Routing/Router->dispatchToRoute(Object(Illuminate/Http/Request))
#57 C:/Users/PSHCPU008/Desktop/temple-backend/vendor/laravel/framework/src/Illuminate/Foundation/Http/Kernel.php(200): Illuminate/Routing/Router->dispatch(Object(Illuminate/Http/Request))
#58 C:/Users/PSHCPU008/Desktop/temple-backend/vendor/laravel/framework/src/Illuminate/Pipeline/Pipeline.php(144): Illuminate/Foundation/Http/Kernel->Illuminate/Foundation/Http/{closure}(Object(Illuminate/Http/Request))
#59 C:/Users/PSHCPU008/Desktop/temple-backend/vendor/livewire/livewire/src/DisableBrowserCache.php(19): Illuminate/Pipeline/Pipeline->Illuminate/Pipeline/{closure}(Object(Illuminate/Http/Request))
#60 C:/Users/PSHCPU008/Desktop/temple-backend/vendor/laravel/framework/src/Illuminate/Pipeline/Pipeline.php(183): Livewire/DisableBrowserCache->handle(Object(Illuminate/Http/Request), Object(Closure))
#61 C:/Users/PSHCPU008/Desktop/temple-backend/vendor/laravel/framework/src/Illuminate/Foundation/Http/Middleware/TransformsRequest.php(21): Illuminate/Pipeline/Pipeline->Illuminate/Pipeline/{closure}(Object(Illuminate/Http/Request))
#62 C:/Users/PSHCPU008/Desktop/temple-backend/vendor/laravel/framework/src/Illuminate/Foundation/Http/Middleware/ConvertEmptyStringsToNull.php(31): Illuminate/Foundation/Http/Middleware/TransformsRequest->handle(Object(Illuminate/Http/Request), Object(Closure))
#63 C:/Users/PSHCPU008/Desktop/temple-backend/vendor/laravel/framework/src/Illuminate/Pipeline/Pipeline.php(183): Illuminate/Foundation/Http/Middleware/ConvertEmptyStringsToNull->handle(Object(Illuminate/Http/Request), Object(Closure))
#64 C:/Users/PSHCPU008/Desktop/temple-backend/vendor/laravel/framework/src/Illuminate/Foundation/Http/Middleware/TransformsRequest.php(21): Illuminate/Pipeline/Pipeline->Illuminate/Pipeline/{closure}(Object(Illuminate/Http/Request))
#65 C:/Users/PSHCPU008/Desktop/temple-backend/vendor/laravel/framework/src/Illuminate/Foundation/Http/Middleware/TrimStrings.php(40): Illuminate/Foundation/Http/Middleware/TransformsRequest->handle(Object(Illuminate/Http/Request), Object(Closure))
#66 C:/Users/PSHCPU008/Desktop/temple-backend/vendor/laravel/framework/src/Illuminate/Pipeline/Pipeline.php(183): Illuminate/Foundation/Http/Middleware/TrimStrings->handle(Object(Illuminate/Http/Request), Object(Closure))
#67 C:/Users/PSHCPU008/Desktop/temple-backend/vendor/laravel/framework/src/Illuminate/Foundation/Http/Middleware/ValidatePostSize.php(27): Illuminate/Pipeline/Pipeline->Illuminate/Pipeline/{closure}(Object(Illuminate/Http/Request))
#68 C:/Users/PSHCPU008/Desktop/temple-backend/vendor/laravel/framework/src/Illuminate/Pipeline/Pipeline.php(183): Illuminate/Foundation/Http/Middleware/ValidatePostSize->handle(Object(Illuminate/Http/Request), Object(Closure))
#69 C:/Users/PSHCPU008/Desktop/temple-backend/vendor/laravel/framework/src/Illuminate/Foundation/Http/Middleware/PreventRequestsDuringMaintenance.php(99): Illuminate/Pipeline/Pipeline->Illuminate/Pipeline/{closure}(Object(Illuminate/Http/Request))
#70 C:/Users/PSHCPU008/Desktop/temple-backend/vendor/laravel/framework/src/Illuminate/Pipeline/Pipeline.php(183): Illuminate/Foundation/Http/Middleware/PreventRequestsDuringMaintenance->handle(Object(Illuminate/Http/Request), Object(Closure))
#71 C:/Users/PSHCPU008/Desktop/temple-backend/vendor/laravel/framework/src/Illuminate/Http/Middleware/HandleCors.php(49): Illuminate/Pipeline/Pipeline->Illuminate/Pipeline/{closure}(Object(Illuminate/Http/Request))
#72 C:/Users/PSHCPU008/Desktop/temple-backend/vendor/laravel/framework/src/Illuminate/Pipeline/Pipeline.php(183): Illuminate/Http/Middleware/HandleCors->handle(Object(Illuminate/Http/Request), Object(Closure))
#73 C:/Users/PSHCPU008/Desktop/temple-backend/vendor/laravel/framework/src/Illuminate/Http/Middleware/TrustProxies.php(39): Illuminate/Pipeline/Pipeline->Illuminate/Pipeline/{closure}(Object(Illuminate/Http/Request))
#74 C:/Users/PSHCPU008/Desktop/temple-backend/vendor/laravel/framework/src/Illuminate/Pipeline/Pipeline.php(183): Illuminate/Http/Middleware/TrustProxies->handle(Object(Illuminate/Http/Request), Object(Closure))
#75 C:/Users/PSHCPU008/Desktop/temple-backend/vendor/laravel/framework/src/Illuminate/Pipeline/Pipeline.php(119): Illuminate/Pipeline/Pipeline->Illuminate/Pipeline/{closure}(Object(Illuminate/Http/Request))
#76 C:/Users/PSHCPU008/Desktop/temple-backend/vendor/laravel/framework/src/Illuminate/Foundation/Http/Kernel.php(175): Illuminate/Pipeline/Pipeline->then(Object(Closure))
#77 C:/Users/PSHCPU008/Desktop/temple-backend/vendor/laravel/framework/src/Illuminate/Foundation/Http/Kernel.php(144): Illuminate/Foundation/Http/Kernel->sendRequestThroughRouter(Object(Illuminate/Http/Request))
#78 C:/Users/PSHCPU008/Desktop/temple-backend/public/index.php(51): Illuminate/Foundation/Http/Kernel->handle(Object(Illuminate/Http/Request))
#79 C:/Users/PSHCPU008/Desktop/temple-backend/vendor/laravel/framework/src/Illuminate/Foundation/resources/server.php(16): require_once('C://Users//PSHCPU...')
#80 {main}

[previous exception] [object] (InvalidArgumentException(code: 0): View [common.livewire-tables.mobile-toggle] not found. at C:/Users/PSHCPU008/Desktop/temple-backend/vendor/laravel/framework/src/Illuminate/View/FileViewFinder.php:137)
[stacktrace]
#0 C:/Users/PSHCPU008/Desktop/temple-backend/vendor/laravel/framework/src/Illuminate/View/FileViewFinder.php(79): Illuminate/View/FileViewFinder->findInPaths('common.livewire...', Array)
#1 C:/Users/PSHCPU008/Desktop/temple-backend/vendor/laravel/framework/src/Illuminate/View/Factory.php(137): Illuminate/View/FileViewFinder->find('common.livewire...')
#2 C:/Users/PSHCPU008/Desktop/temple-backend/vendor/laravel/framework/src/Illuminate/Foundation/helpers.php(1020): Illuminate/View/Factory->make('common.livewire...', Array, Array)
#3 C:/Users/PSHCPU008/Desktop/temple-backend/app/Http/Livewire/PujasTable.php(66): view('common.livewire...', Array)
#4 [internal function]: App/Http/Livewire/PujasTable->App/Http/Livewire/{closure}(0, Object(App/Models/Puja), Object(Rappasoft/LaravelLivewireTables/Views/Column))
#5 C:/Users/PSHCPU008/Desktop/temple-backend/vendor/rappasoft/laravel-livewire-tables/src/Views/Traits/Helpers/ColumnHelpers.php(125): call_user_func(Object(Closure), 0, Object(App/Models/Puja), Object(Rappasoft/LaravelLivewireTables/Views/Column))
#6 C:/Users/PSHCPU008/Desktop/temple-backend/vendor/rappasoft/laravel-livewire-tables/src/Views/Traits/Helpers/ColumnHelpers.php(106): Rappasoft/LaravelLivewireTables/Views/Column->getContents(Object(App/Models/Puja))
#7 C:/Users/PSHCPU008/Desktop/temple-backend/storage/framework/views/e975280bd8ff53ebb2c9d3487918f41a.php(327): Rappasoft/LaravelLivewireTables/Views/Column->renderContents(Object(App/Models/Puja))
#8 C:/Users/PSHCPU008/Desktop/temple-backend/vendor/livewire/livewire/src/ComponentConcerns/RendersLivewireComponents.php(83): include('C://Users//PSHCPU...')
#9 C:/Users/PSHCPU008/Desktop/temple-backend/vendor/livewire/livewire/src/ComponentConcerns/RendersLivewireComponents.php(84): App/Http/Livewire/PujasTable->Livewire/ComponentConcerns/{closure}()
#10 C:/Users/PSHCPU008/Desktop/temple-backend/vendor/livewire/livewire/src/ComponentConcerns/RendersLivewireComponents.php(59): Livewire/LivewireViewCompilerEngine->evaluatePath('C://Users//PSHCPU...', Array)
#11 C:/Users/PSHCPU008/Desktop/temple-backend/vendor/laravel/framework/src/Illuminate/View/View.php(207): Livewire/LivewireViewCompilerEngine->get('C://Users//PSHCPU...', Array)
#12 C:/Users/PSHCPU008/Desktop/temple-backend/vendor/laravel/framework/src/Illuminate/View/View.php(190): Illuminate/View/View->getContents()
#13 C:/Users/PSHCPU008/Desktop/temple-backend/vendor/laravel/framework/src/Illuminate/View/View.php(159): Illuminate/View/View->renderContents()
#14 C:/Users/PSHCPU008/Desktop/temple-backend/vendor/livewire/livewire/src/Component.php(235): Illuminate/View/View->render()
#15 C:/Users/PSHCPU008/Desktop/temple-backend/vendor/livewire/livewire/src/HydrationMiddleware/RenderView.php(14): Livewire/Component->output()
#16 C:/Users/PSHCPU008/Desktop/temple-backend/vendor/livewire/livewire/src/LifecycleManager.php(141): Livewire/HydrationMiddleware/RenderView::dehydrate(Object(App/Http/Livewire/PujasTable), Object(Livewire/Response))
#17 C:/Users/PSHCPU008/Desktop/temple-backend/vendor/livewire/livewire/src/LivewireManager.php(132): Livewire/LifecycleManager->initialDehydrate()
#18 C:/Users/PSHCPU008/Desktop/temple-backend/vendor/laravel/framework/src/Illuminate/Support/Facades/Facade.php(355): Livewire/LivewireManager->mount('pujas-table', Array)
#19 C:/Users/PSHCPU008/Desktop/temple-backend/storage/framework/views/c59457ef966edc6a302c87e2d0e95dc6.php(26): Illuminate/Support/Facades/Facade::__callStatic('mount', Array)
#20 C:/Users/PSHCPU008/Desktop/temple-backend/vendor/laravel/framework/src/Illuminate/Filesystem/Filesystem.php(123): require('C://Users//PSHCPU...')
#21 C:/Users/PSHCPU008/Desktop/temple-backend/vendor/laravel/framework/src/Illuminate/Filesystem/Filesystem.php(124): Illuminate/Filesystem/Filesystem::Illuminate/Filesystem/{closure}()
#22 C:/Users/PSHCPU008/Desktop/temple-backend/vendor/laravel/framework/src/Illuminate/View/Engines/PhpEngine.php(58): Illuminate/Filesystem/Filesystem->getRequire('C://Users//PSHCPU...', Array)
#23 C:/Users/PSHCPU008/Desktop/temple-backend/vendor/livewire/livewire/src/ComponentConcerns/RendersLivewireComponents.php(69): Illuminate/View/Engines/PhpEngine->evaluatePath('C://Users//PSHCPU...', Array)
#24 C:/Users/PSHCPU008/Desktop/temple-backend/vendor/laravel/framework/src/Illuminate/View/Engines/CompilerEngine.php(72): Livewire/LivewireViewCompilerEngine->evaluatePath('C://Users//PSHCPU...', Array)
#25 C:/Users/PSHCPU008/Desktop/temple-backend/vendor/livewire/livewire/src/ComponentConcerns/RendersLivewireComponents.php(35): Illuminate/View/Engines/CompilerEngine->get('C://Users//PSHCPU...', Array)
#26 C:/Users/PSHCPU008/Desktop/temple-backend/vendor/laravel/framework/src/Illuminate/View/View.php(207): Livewire/LivewireViewCompilerEngine->get('C://Users//PSHCPU...', Array)
#27 C:/Users/PSHCPU008/Desktop/temple-backend/vendor/laravel/framework/src/Illuminate/View/View.php(190): Illuminate/View/View->getContents()
#28 C:/Users/PSHCPU008/Desktop/temple-backend/vendor/laravel/framework/src/Illuminate/View/View.php(159): Illuminate/View/View->renderContents()
#29 C:/Users/PSHCPU008/Desktop/temple-backend/vendor/laravel/framework/src/Illuminate/Http/Response.php(69): Illuminate/View/View->render()
#30 C:/Users/PSHCPU008/Desktop/temple-backend/vendor/laravel/framework/src/Illuminate/Http/Response.php(35): Illuminate/Http/Response->setContent(Object(Illuminate/View/View))
#31 C:/Users/PSHCPU008/Desktop/temple-backend/vendor/laravel/framework/src/Illuminate/Routing/Router.php(918): Illuminate/Http/Response->__construct(Object(Illuminate/View/View), 200, Array)
#32 C:/Users/PSHCPU008/Desktop/temple-backend/vendor/laravel/framework/src/Illuminate/Routing/Router.php(885): Illuminate/Routing/Router::toResponse(Object(Illuminate/Http/Request), Object(Illuminate/View/View))
#33 C:/Users/PSHCPU008/Desktop/temple-backend/vendor/laravel/framework/src/Illuminate/Routing/Router.php(805): Illuminate/Routing/Router->prepareResponse(Object(Illuminate/Http/Request), Object(Illuminate/View/View))
#34 C:/Users/PSHCPU008/Desktop/temple-backend/vendor/laravel/framework/src/Illuminate/Pipeline/Pipeline.php(144): Illuminate/Routing/Router->Illuminate/Routing/{closure}(Object(Illuminate/Http/Request))
#35 C:/Users/PSHCPU008/Desktop/temple-backend/vendor/spatie/laravel-permission/src/Middlewares/RoleOrPermissionMiddleware.php(26): Illuminate/Pipeline/Pipeline->Illuminate/Pipeline/{closure}(Object(Illuminate/Http/Request))
#36 C:/Users/PSHCPU008/Desktop/temple-backend/vendor/laravel/framework/src/Illuminate/Pipeline/Pipeline.php(183): Spatie/Permission/Middlewares/RoleOrPermissionMiddleware->handle(Object(Illuminate/Http/Request), Object(Closure), 'view-pujas')
#37 C:/Users/PSHCPU008/Desktop/temple-backend/vendor/laravel/framework/src/Illuminate/Routing/Middleware/SubstituteBindings.php(50): Illuminate/Pipeline/Pipeline->Illuminate/Pipeline/{closure}(Object(Illuminate/Http/Request))
#38 C:/Users/PSHCPU008/Desktop/temple-backend/vendor/laravel/framework/src/Illuminate/Pipeline/Pipeline.php(183): Illuminate/Routing/Middleware/SubstituteBindings->handle(Object(Illuminate/Http/Request), Object(Closure))
#39 C:/Users/PSHCPU008/Desktop/temple-backend/vendor/laravel/framework/src/Illuminate/Auth/Middleware/Authenticate.php(57): Illuminate/Pipeline/Pipeline->Illuminate/Pipeline/{closure}(Object(Illuminate/Http/Request))
#40 C:/Users/PSHCPU008/Desktop/temple-backend/vendor/laravel/framework/src/Illuminate/Pipeline/Pipeline.php(183): Illuminate/Auth/Middleware/Authenticate->handle(Object(Illuminate/Http/Request), Object(Closure))
#41 C:/Users/PSHCPU008/Desktop/temple-backend/vendor/laravel/framework/src/Illuminate/Foundation/Http/Middleware/VerifyCsrfToken.php(78): Illuminate/Pipeline/Pipeline->Illuminate/Pipeline/{closure}(Object(Illuminate/Http/Request))
#42 C:/Users/PSHCPU008/Desktop/temple-backend/vendor/laravel/framework/src/Illuminate/Pipeline/Pipeline.php(183): Illuminate/Foundation/Http/Middleware/VerifyCsrfToken->handle(Object(Illuminate/Http/Request), Object(Closure))
#43 C:/Users/PSHCPU008/Desktop/temple-backend/vendor/laravel/framework/src/Illuminate/View/Middleware/ShareErrorsFromSession.php(49): Illuminate/Pipeline/Pipeline->Illuminate/Pipeline/{closure}(Object(Illuminate/Http/Request))
#44 C:/Users/PSHCPU008/Desktop/temple-backend/vendor/laravel/framework/src/Illuminate/Pipeline/Pipeline.php(183): Illuminate/View/Middleware/ShareErrorsFromSession->handle(Object(Illuminate/Http/Request), Object(Closure))
#45 C:/Users/PSHCPU008/Desktop/temple-backend/vendor/laravel/framework/src/Illuminate/Session/Middleware/StartSession.php(121): Illuminate/Pipeline/Pipeline->Illuminate/Pipeline/{closure}(Object(Illuminate/Http/Request))
#46 C:/Users/PSHCPU008/Desktop/temple-backend/vendor/laravel/framework/src/Illuminate/Session/Middleware/StartSession.php(64): Illuminate/Session/Middleware/StartSession->handleStatefulRequest(Object(Illuminate/Http/Request), Object(Illuminate/Session/Store), Object(Closure))
#47 C:/Users/PSHCPU008/Desktop/temple-backend/vendor/laravel/framework/src/Illuminate/Pipeline/Pipeline.php(183): Illuminate/Session/Middleware/StartSession->handle(Object(Illuminate/Http/Request), Object(Closure))
#48 C:/Users/PSHCPU008/Desktop/temple-backend/vendor/laravel/framework/src/Illuminate/Cookie/Middleware/AddQueuedCookiesToResponse.php(37): Illuminate/Pipeline/Pipeline->Illuminate/Pipeline/{closure}(Object(Illuminate/Http/Request))
#49 C:/Users/PSHCPU008/Desktop/temple-backend/vendor/laravel/framework/src/Illuminate/Pipeline/Pipeline.php(183): Illuminate/Cookie/Middleware/AddQueuedCookiesToResponse->handle(Object(Illuminate/Http/Request), Object(Closure))
#50 C:/Users/PSHCPU008/Desktop/temple-backend/vendor/laravel/framework/src/Illuminate/Cookie/Middleware/EncryptCookies.php(67): Illuminate/Pipeline/Pipeline->Illuminate/Pipeline/{closure}(Object(Illuminate/Http/Request))
#51 C:/Users/PSHCPU008/Desktop/temple-backend/vendor/laravel/framework/src/Illuminate/Pipeline/Pipeline.php(183): Illuminate/Cookie/Middleware/EncryptCookies->handle(Object(Illuminate/Http/Request), Object(Closure))
#52 C:/Users/PSHCPU008/Desktop/temple-backend/vendor/laravel/framework/src/Illuminate/Pipeline/Pipeline.php(119): Illuminate/Pipeline/Pipeline->Illuminate/Pipeline/{closure}(Object(Illuminate/Http/Request))
#53 C:/Users/PSHCPU008/Desktop/temple-backend/vendor/laravel/framework/src/Illuminate/Routing/Router.php(805): Illuminate/Pipeline/Pipeline->then(Object(Closure))
#54 C:/Users/PSHCPU008/Desktop/temple-backend/vendor/laravel/framework/src/Illuminate/Routing/Router.php(784): Illuminate/Routing/Router->runRouteWithinStack(Object(Illuminate/Routing/Route), Object(Illuminate/Http/Request))
#55 C:/Users/PSHCPU008/Desktop/temple-backend/vendor/laravel/framework/src/Illuminate/Routing/Router.php(748): Illuminate/Routing/Router->runRoute(Object(Illuminate/Http/Request), Object(Illuminate/Routing/Route))
#56 C:/Users/PSHCPU008/Desktop/temple-backend/vendor/laravel/framework/src/Illuminate/Routing/Router.php(737): Illuminate/Routing/Router->dispatchToRoute(Object(Illuminate/Http/Request))
#57 C:/Users/PSHCPU008/Desktop/temple-backend/vendor/laravel/framework/src/Illuminate/Foundation/Http/Kernel.php(200): Illuminate/Routing/Router->dispatch(Object(Illuminate/Http/Request))
#58 C:/Users/PSHCPU008/Desktop/temple-backend/vendor/laravel/framework/src/Illuminate/Pipeline/Pipeline.php(144): Illuminate/Foundation/Http/Kernel->Illuminate/Foundation/Http/{closure}(Object(Illuminate/Http/Request))
#59 C:/Users/PSHCPU008/Desktop/temple-backend/vendor/livewire/livewire/src/DisableBrowserCache.php(19): Illuminate/Pipeline/Pipeline->Illuminate/Pipeline/{closure}(Object(Illuminate/Http/Request))
#60 C:/Users/PSHCPU008/Desktop/temple-backend/vendor/laravel/framework/src/Illuminate/Pipeline/Pipeline.php(183): Livewire/DisableBrowserCache->handle(Object(Illuminate/Http/Request), Object(Closure))
#61 C:/Users/PSHCPU008/Desktop/temple-backend/vendor/laravel/framework/src/Illuminate/Foundation/Http/Middleware/TransformsRequest.php(21): Illuminate/Pipeline/Pipeline->Illuminate/Pipeline/{closure}(Object(Illuminate/Http/Request))
#62 C:/Users/PSHCPU008/Desktop/temple-backend/vendor/laravel/framework/src/Illuminate/Foundation/Http/Middleware/ConvertEmptyStringsToNull.php(31): Illuminate/Foundation/Http/Middleware/TransformsRequest->handle(Object(Illuminate/Http/Request), Object(Closure))
#63 C:/Users/PSHCPU008/Desktop/temple-backend/vendor/laravel/framework/src/Illuminate/Pipeline/Pipeline.php(183): Illuminate/Foundation/Http/Middleware/ConvertEmptyStringsToNull->handle(Object(Illuminate/Http/Request), Object(Closure))
#64 C:/Users/PSHCPU008/Desktop/temple-backend/vendor/laravel/framework/src/Illuminate/Foundation/Http/Middleware/TransformsRequest.php(21): Illuminate/Pipeline/Pipeline->Illuminate/Pipeline/{closure}(Object(Illuminate/Http/Request))
#65 C:/Users/PSHCPU008/Desktop/temple-backend/vendor/laravel/framework/src/Illuminate/Foundation/Http/Middleware/TrimStrings.php(40): Illuminate/Foundation/Http/Middleware/TransformsRequest->handle(Object(Illuminate/Http/Request), Object(Closure))
#66 C:/Users/PSHCPU008/Desktop/temple-backend/vendor/laravel/framework/src/Illuminate/Pipeline/Pipeline.php(183): Illuminate/Foundation/Http/Middleware/TrimStrings->handle(Object(Illuminate/Http/Request), Object(Closure))
#67 C:/Users/PSHCPU008/Desktop/temple-backend/vendor/laravel/framework/src/Illuminate/Foundation/Http/Middleware/ValidatePostSize.php(27): Illuminate/Pipeline/Pipeline->Illuminate/Pipeline/{closure}(Object(Illuminate/Http/Request))
#68 C:/Users/PSHCPU008/Desktop/temple-backend/vendor/laravel/framework/src/Illuminate/Pipeline/Pipeline.php(183): Illuminate/Foundation/Http/Middleware/ValidatePostSize->handle(Object(Illuminate/Http/Request), Object(Closure))
#69 C:/Users/PSHCPU008/Desktop/temple-backend/vendor/laravel/framework/src/Illuminate/Foundation/Http/Middleware/PreventRequestsDuringMaintenance.php(99): Illuminate/Pipeline/Pipeline->Illuminate/Pipeline/{closure}(Object(Illuminate/Http/Request))
#70 C:/Users/PSHCPU008/Desktop/temple-backend/vendor/laravel/framework/src/Illuminate/Pipeline/Pipeline.php(183): Illuminate/Foundation/Http/Middleware/PreventRequestsDuringMaintenance->handle(Object(Illuminate/Http/Request), Object(Closure))
#71 C:/Users/PSHCPU008/Desktop/temple-backend/vendor/laravel/framework/src/Illuminate/Http/Middleware/HandleCors.php(49): Illuminate/Pipeline/Pipeline->Illuminate/Pipeline/{closure}(Object(Illuminate/Http/Request))
#72 C:/Users/PSHCPU008/Desktop/temple-backend/vendor/laravel/framework/src/Illuminate/Pipeline/Pipeline.php(183): Illuminate/Http/Middleware/HandleCors->handle(Object(Illuminate/Http/Request), Object(Closure))
#73 C:/Users/PSHCPU008/Desktop/temple-backend/vendor/laravel/framework/src/Illuminate/Http/Middleware/TrustProxies.php(39): Illuminate/Pipeline/Pipeline->Illuminate/Pipeline/{closure}(Object(Illuminate/Http/Request))
#74 C:/Users/PSHCPU008/Desktop/temple-backend/vendor/laravel/framework/src/Illuminate/Pipeline/Pipeline.php(183): Illuminate/Http/Middleware/TrustProxies->handle(Object(Illuminate/Http/Request), Object(Closure))
#75 C:/Users/PSHCPU008/Desktop/temple-backend/vendor/laravel/framework/src/Illuminate/Pipeline/Pipeline.php(119): Illuminate/Pipeline/Pipeline->Illuminate/Pipeline/{closure}(Object(Illuminate/Http/Request))
#76 C:/Users/PSHCPU008/Desktop/temple-backend/vendor/laravel/framework/src/Illuminate/Foundation/Http/Kernel.php(175): Illuminate/Pipeline/Pipeline->then(Object(Closure))
#77 C:/Users/PSHCPU008/Desktop/temple-backend/vendor/laravel/framework/src/Illuminate/Foundation/Http/Kernel.php(144): Illuminate/Foundation/Http/Kernel->sendRequestThroughRouter(Object(Illuminate/Http/Request))
#78 C:/Users/PSHCPU008/Desktop/temple-backend/public/index.php(51): Illuminate/Foundation/Http/Kernel->handle(Object(Illuminate/Http/Request))
#79 C:/Users/PSHCPU008/Desktop/temple-backend/vendor/laravel/framework/src/Illuminate/Foundation/resources/server.php(16): require_once('C://Users//PSHCPU...')
#80 {main}
"} 
